id_establecimiento,id_comuna,descripcion,latitud,longitud,domicilio,ciudadanos_habilitados
4009,4,ESC N°14 PROVINCIA DE SAN LUIS,-34.6442169465,-58.4131599414,CACHI 77,4176
4010,4,ESC N°24 MARTIN GUERRICO,-34.6519487202,-58.4097906471,LYNCH 3536,1735
4015,4,ESC N°23 DR LORENZO ANADON,-34.6517343712,-58.415063272,TRAFUL 3847,1733
4017,10,INSTITUTO NTRA SRA DEL MILAGRO,-34.6358201899,-58.4801246156,MARIANO ACOSTA 195/ RAFAELA 865,3496
4018,10,ESC Nº19 FRAGATA ARA LIBERTAD,-34.6373577125,-58.4764377068,JOSE BONIFACIO 3650,1700
4024,10,COLEGIO NTRA SRA DE LA PAZ,-34.6329243753,-58.4742636098,PERGAMINO 53,3400
4030,4,ESC N° 11 REPUBLICA DE HAITI,-34.6565601013,-58.3902651375,LAFAYETTE 1879,4511
4032,10,ESCUELA N°24 PADRE CASTAÑEDA,-34.6267684844,-58.4826355135,MORON 3745,2093
4033,4,INSTITUTO SAGRADO CORAZON,-34.6506803445,-58.3891553402,AV V SARSFIELD 1351/CALIFORNIA 3018,4511
4034,10,ESCUELA N°1 JOSE A FERREYRA,-34.6359668605,-58.4847780807,RAMON L FALCON 4126,3850
4037,4,ESC N°18 JUAN E PESTALOZZI,-34.6347557993,-58.3928648691,AV CASEROS 2152,1996
4038,10,ESC N°2 MAXIMIO SABA VICTORIA,-34.6360407323,-58.4854309022,RAMON L FALCON 4151,3850
4039,10,ESC Nº3 A MEDONE DE CAVIGLIA,-34.6345310712,-58.4817322389,MARIANO ACOSTA 45,2443
4041,4,ESC DE COM N°18 R DE SUECIA,-34.6372062076,-58.3911064898,JUAN CARLOS GOMEZ 253,1992
4045,4,ESC N°19 PROV DE FORMOSA,-34.6435606106,-58.4086597659,ELIA 473,1710
4046,4,ENET N°7 D LAVALLE DE LAVALLE,-34.6397632508,-58.4030672706,ZAVALETA 204,2656
4048,4,ESC N°2 JOSE MARIA GUTIERREZ,-34.6324986634,-58.40608479,LA RIOJA 1846,4050
4049,5,ESC N°8 ALMAFUERTE,-34.6338727962,-58.414468998,MAZA 1913/1935,4188
4051,7,ESC DE FORM EDUC Y DEPORTIVA,-34.6351282853,-58.4249063196,AV LA PLATA 1707,2058
4056,10,ESC MODELO DOMINGO F SARMIENTO,-34.6370156995,-58.4971607977,AV RIVADAVIA 9441,1388
4058,10,ESC Nº7 RCA ARABE DE EGIPTO,-34.6376751235,-58.5018749786,AV RIVADAVIA 9799,2429
4059,4,INSTITUTO FELIX F BERNASCONI,-34.6334562415,-58.4022969755,CATULO CASTILLO 2750,4889
4060,10,ESC Nº8 BASE AEREA VC MARAMBIO,-34.636027354,-58.4961572718,YERBAL 4965,5199
4063,10,ESC Nº6 CARLOS GUIDO SPANO,-34.6381390236,-58.4952051737,RAMON L FALCON 4801,2082
4064,10,ESC Nº1 PROF JOSE ONAINDIA,-34.6400154557,-58.499812878,RAFAELA 5159,2082
4070,9,ESC Nº16 TOMAS LE BRETON,-34.6480985449,-58.4817101467,GRAL EUGENIO GARZON 4346,2422
4073,9,INST NTRA SRA DE LOS REMEDIOS,-34.6502686094,-58.4783168083,FLORENTINO AMEGHINO 1441,5876
4076,4,ESC DE COM N°1 J V GONZALEZ,-34.6433766759,-58.3735802098,MONTES DE OCA 1356,6103
4077,4,INSTITUTO ZACCARIA,-34.6485280947,-58.3725994816,AV MONTES DE OCA 1844,4080
4081,1,INSTITUTO VOCACIONAL DE ARTE,-34.6272755688,-58.3891422338,AV JUAN DE GARAY 1684,1035
4083,1,ESC N°6 TOMAS GUIDO,-34.632180391,-58.3855104502,SAN JOSE 1985,3459
4084,4,ESC Nº11 ANTONIO BUCICH,-34.6370876005,-58.3676981021,BRANDSEN 1057,3807
4085,1,ESC N°4 CNEL MARINA T ESPORA,-34.629369611,-58.3893094893,SOLIS 1815,3450
4086,4,ESC Nº3 JUAN MARTIN GUTIERREZ,-34.6418338404,-58.3679519681,ROCHA 1226,3817
4094,4,ESC Nº14 AGUSTIN R CAFFARENA,-34.6342821487,-58.3577596111,NECOCHEA 1136,1730
4095,4,ESC Nº10 G ARAOZ DE LAMADRID,-34.6374424758,-58.3592352102,GRAL GREGORIO ARAOZ DE LAMADRID 499,2768
4097,4,ESC Nº2 DR CARLOS R VIGNALE,-34.6324016266,-58.3618803328,WENCESLAO VILLAFAÑE 453,2436
4099,4,ESC Nº8 CARLOS DELLA PENA,-34.6275579858,-58.36250862,E BRAUN MENENDEZ 260,4533
4101,4,INST MADRE DE LOS EMIGRANTES,-34.6285247182,-58.3637586725,NECOCHEA 330,3480
4105,7,ESC Nº12 RECONQUISTA,-34.6382689438,-58.4600243171,AV VARELA 753,1723
4106,7,ESC Nº10 ING OCTAVIO S PICO,-34.6369558856,-58.4654970694,LAFUENTE 559,3767
4107,7,ESC Nº16 SANTA CRUZ Y ESPEJO,-34.6439640679,-58.4651311614,PRIMERA JUNTA 3445,2401
4110,7,INSTITUTO ANA MARIA JANER,-34.6318561737,-58.4638672906,AV J B ALBERDI 2555/ J B ALBERDI S/N,4550
4112,4,ESC N°24 PRESIDENTE DERQUI,-34.6472734579,-58.3756712263,CALIFORNIA 1925/CALIFORNIA S/N,2394
4115,4,ESC N°20 NIEVES E DE OROMI,-34.6501221061,-58.3777759622,SAN ANTONIO 682,2736
4117,7,COLEGIO Nº9 J J DE URQUIZA,-34.6279140002,-58.4678663715,CONDARCO 290 / BACACAY S/N,7338
4121,4,LICEO COM N°3 JOSE M ESTRADA,-34.6412436326,-58.3799678419,ARCAMENDIA 743,3496
4122,7,COLEGIO SCHONTHAL,-34.6258359882,-58.471703397,AV NAZCA 537/555,4188
4127,7,INST MONSEÑOR A DE SAN JOSE,-34.6216847709,-58.4681986792,FELIPE VALLESE 2549,2443
4131,4,ESC N°7 JUAN DE GARAY,-34.6270992319,-58.3749800063,AV CASEROS 734,3811
4132,7,ESCUELA PARA EL HOMBRE NUEVO,-34.6257296422,-58.4598484323,GRANADEROS 168,1400
4133,7,ESC Nº19 LEANDRO N ALEM,-34.627766417,-58.4630684169,FRAY CAYETANO RODRIGUEZ 95/ S/N,4188
4136,7,ESC Nº8 CNEL ING P A CERVIÑO,-34.6338356299,-58.4636232937,AV VARELA 358,3150
4137,1,ESC STA CATALINA DE ALEJANDRIA,-34.626585766,-58.3760905459,PIEDRAS 1527,1730
4141,6,ESC N°4 O DE E AMERICANOS,-34.6280996738,-58.4400811562,DEL BARCO CENTENERA 747,4872
4144,6,INSTITUTO DR DAMASO CENTENO,-34.6216185796,-58.4434988097,AV RIVADAVIA  5546/555,5568
4147,6,ESC N°14 JOAQUIN V GONZALEZ,-34.6265982953,-58.4411902605,AV PEDRO GOYENA 984/ CACHIMAYO S/N,3828
4148,7,ESC Nº6 DR C VAZ FERREIRA,-34.6406405722,-58.4572510777,AV VARELA 1040,3773
4149,7,INSTITUTO NTRA SRA DE LUJAN,-34.6371230645,-58.4517180749,AV CARABOBO 967,2098
4153,4,ESC DE BELLAS ARTES M BELGRANO,-34.6348365801,-58.3717340435,WENCESLAO VILLAFAÑE 1342,3806
4154,6,INSTITUTO CALASANZ,-34.6262253819,-58.4283203138,SENILLOSA 810 /854,5224
4156,7,ESC N°22 ANTONIO ZINNY,-34.6320838499,-58.4341252915,SALAS 565,5190
4157,7,CENTRO IFPP ADOLESCENTES Nº6,-34.6314783733,-58.4278778493,AV ASAMBLEA 153,1730
4162,7,INST G DE HONOR DEL S ROSARIO,-34.6360878649,-58.4534265564,LAUTARO 824,4537
4165,7,ESC Nº15 R O DEL URUGUAY,-34.6298949288,-58.4552772531,AV CARABOBO 253,5571
4168,6,ESC Nº3 M A MONTES DE OCA,-34.6268740236,-58.4472173885,PUAN 360,2354
4170,5,ESC N°23 GRAL MANUEL BELGRANO,-34.6094637296,-58.4275772234,PRINGLES 263,4485
4172,7,LICEO Nº5 PASCUAL GUAGLIANONE,-34.6301622316,-58.4549282442,AV CARABOBO 286/ J BONIFACIO S/N,1740
4173,5,INST PRIV ARG JAPONES (PRIM),-34.609673571,-58.4290190237,YATAY 255 / 261,1380
4176,6,ESC N°15 GRAL J G DE ARTIGAS,-34.6128425522,-58.4363109649,DR ELEODORO LOBOS 437,2443
4177,5,ESC N°22 MARTINA GURRUCHAGA,-34.6205885765,-58.4166266701,AV BOEDO 657,3806
4179,6,INSTITUTO DIVINO ROSTRO,-34.605909541,-58.4390103448,LEOPOLDO MARECHAL 1041,2094
4180,5,ESC N°14 INTENDENTE ALVEAR,-34.6238416606,-58.4204879086,CASTRO 954/CASTRO S/N,4188
4184,5,ESC N°4 SALVADOR M DEL CARRIL,-34.6192087421,-58.4223831787,QUINTINO BOCAYUVA 620,2768
4185,7,INST NTRA SRA DE LOURDES,-34.6260727124,-58.4549448895,AV RIVADAVIA 6270,2443
4187,6,ESC N°3 PRIMERA JUNTA,-34.6167120405,-58.43309553,AV RIVADAVIA 4817/ AV RIVADAVIA S/N,3839
4188,6,INSTITUTO SUMMA,-34.6146328959,-58.4314958969,YERBAL 67/57,2088
4190,5,INSTITUTO SAN ANTONIO,-34.6203279437,-58.4233285682,MEXICO 4050,3806
4191,6,ESCUELA DEL NUEVO SOL,-34.6154158691,-58.4360371628,DR G ARAOZ ALFARO 373,2094
4195,7,ESC Nº12 FACUNDO ZUVIRIA,-34.6153077606,-58.4606289934,FRANKLIN 1836,4886
4197,6,ESCUELA DE LA PAZ,-34.6138709599,-58.4314768276,VENANCIO FLORES 65,2094
4198,6,ESC N°14 ERNESTO PADILLA,-34.6130466708,-58.4453903534,FELIPE VALLESE 835,3150
4199,6,ESC N°20 TTE B MATIENZO,-34.6123859987,-58.4405038078,HIDALGO 635,3150
4200,7,ESC Nº5 JUAN B PEÑA,-34.6155105819,-58.4601800842,MANUEL R TRELLES 948,4200
4210,6,LICEO N°12 FRAY M ESQUIU,-34.6220436669,-58.4350160553,AV JOSE M MORENO 345,5220
4211,6,ESC N°17 PTE URIBURU,-34.6038836242,-58.43556234,AV ANGEL GALLARDO 246/250,4188
4213,6,ESC N°9 FLORENTINO AMEGHINO,-34.6226815423,-58.4277871882,AV LA PLATA 623,3839
4214,6,ESC N°7 DEL CENTENARIO,-34.6043902666,-58.432034807,RIO DE JANEIRO 986,5597
4217,5,ESC N°16 JOSE M RAMOS MEJIA,-34.6138278683,-58.424478422,DON BOSCO 4200/ 33 ORIENTALES 74,4752
4218,5,ESC N°3 MANUEL SOLA,-34.6030556615,-58.4302302349,LAMBARE 975,3105
4219,5,INST PRIV ARG JAPONES (SEC),-34.6093906912,-58.4276803667,PRINGLES 268,2069
4225,6,INSTITUTO MONSEÑOR SABELLI,-34.6234303455,-58.4451518918,VICTOR MARTINEZ 62,2429
4226,6,UBA FAC DE FILOSOFIA Y LETRAS,-34.6282634801,-58.4466470957,PUAN 480,5220
4239,5,INST SAN FRANCISCO DE SALES,-34.6147098639,-58.4209779771,HIPOLITO YRIGOYEN 3900,7612
4245,6,ESC DE COM N°19 JUAN MONTALVO,-34.6208932663,-58.4300369602,FORMOSA 136,5584
4246,5,ESC N°11 PCIA DE JUJUY,-34.6034549001,-58.4264434123,ROBERTO NUÑEZ 4355,3105
4250,5,UTN FACULTAD REGIONAL BS AS,-34.5987878904,-58.4202463712,AV MEDRANO 951,3450
4261,3,COLEGIO SANTA CRUZ,-34.6219376957,-58.4106429316,24 DE NOVIEMBRE 950,4872
4263,3,ENET N°11 MANUEL BELGRANO,-34.6256897937,-58.4045934992,COCHABAMBA 2830,4485
4264,3,ESC Nº12 REP DEL PARAGUAY,-34.6178892885,-58.4117167179,AGRELO 3231,4074
4265,3,ESC N°10 F DE GURRUCHAGA,-34.6269749739,-58.4015357518,AV JUJUY 1471,1720
4268,3,INSTITUTO SAN CRISTOBAL,-34.6244655915,-58.4021258467,AV JUJUY 1241/JUJUY S/N,3105
4271,3,ESC Nº5 PAUL GROUSSAC,-34.6153742738,-58.4059815597,CATAMARCA 462,4420
4272,3,ESC N°23 GRAL VIAMONTE,-34.6202074215,-58.3973165652,PASCO 961,3795
4274,3,ESC N°21 CARLOS PELLEGRINI,-34.6245671831,-58.3914814585,AV ENTRE RIOS 1341,2415
4276,3,ESC N°22 CARLOS PELLEGRINI,-34.6247092396,-58.3914702833,AV ENTRE RIOS 1359,2760
4279,3,INSTITUTO NTRA SRA DEL HUERTO,-34.6184124201,-58.3965934502,AV INDEPENDENCIA 2140,3450
4282,3,ESC N°25 GERVASIO A DE POSADAS,-34.6230832169,-58.3973162628,AV SAN JUAN 2277,3795
4286,3,UBA FACULTAD DE PSICOLOGIA,-34.6123114618,-58.4125178835,HIPOLITO YRIGOYEN 3242,3841
4288,3,ESC N°3 RUFINO SANCHEZ,-34.6202787002,-58.4076350186,LA RIOJA 850,3105
4293,5,ESC NAC DE CERAMICA N°1,-34.6103259701,-58.4185349807,BULNES 45,2076
4295,3,ESC Nº16 PRESIDENTE MITRE,-34.6066413779,-58.4068218253,SARMIENTO 2832,4164
4298,3,ESC Nº6 GRAL M RODRIGUEZ,-34.6047799376,-58.4105924705,DR T M DE ANCHORENA 441,3121
4300,3,ESC NORM SUP N°8 PTE J A ROCA,-34.6226043251,-58.4072406245,LA RIOJA 1042,2760
4303,5,COLEGIO INMACULADA CONCEPCION,-34.6026879264,-58.4165275682,MARIO BRAVO 563,5190
4304,5,ESC N°18 ALEJANDRO CARBO,-34.6079255717,-58.4174687919,MARIO BRAVO 234/242,2082
4305,3,ESC N°11 JOSE FEDERICO MORENO,-34.6236361349,-58.41007271,HUMBERTO I 3171,4182
4307,3,ESC N°8 DR ARTURO MATEO BAS,-34.6003276315,-58.4116163609,TUCUMAN 3233/SAN LUIS 3224,3500
4308,5,ENET N°29 RECONQUISTA DE BS AS,-34.6217170599,-58.4163613983,AV BOEDO 760,2792
4310,3,ESC N°6 GUILLERMO CORREA,-34.617271419,-58.4026227706,SAAVEDRA 695,3743
4311,3,ESC N°23 TOMAS DE ANCHORENA,-34.5988294522,-58.4083908314,DR T M DE ANCHORENA 855,2450
4312,3,COL EUSKAL ECHEA,-34.6171650041,-58.3952041607,CHILE 2032,2394
4314,3,ENET N°25 FRAY LUIS BELTRAN,-34.6183349776,-58.4035797093,AV JUJUY 780,2720
4315,3,ESC N°24 PCIA DE CATAMARCA,-34.6003367431,-58.4075208048,JEAN JAURES 870,3116
4317,3,ESC DE COM N°5 J DE SAN MARTIN,-34.6175201433,-58.3917894621,AV ENTRE RIOS 755 / 751,3420
4318,3,COLEGIO SANTO TOMAS DE AQUINO,-34.6069142171,-58.393052374,TTE GRAL J D PERON 1862,1372
4319,3,ESC N°15 NARCISO DE LAPRIDA,-34.6163769081,-58.3999710348,MEXICO 2383,3447
4320,3,ESC Nº2 ANTONIO BERMEJO,-34.6016606983,-58.3940928136,RIOBAMBA 623,3411
4322,3,ESC N°9 MARIANO MORENO,-34.6130280325,-58.3963985978,MORENO 2104,3096
4324,3,CIRC DE SUBOFICIALES DE LA PFA,-34.6145930485,-58.4026596896,AV BELGRANO 2584,2380
4327,3,ESC CANGALLO SCHULE,-34.6071785724,-58.3974489397,TTE GRAL J D PERON 2169/2151,4830
4329,3,UBA CENTRO DE IDIOMAS,-34.6068035536,-58.3965472422,JUNIN 224,2776
4335,3,INST ARG GALLEGO SGO APOSTOL,-34.609048601,-58.4033322865,PASO 51,2776
4338,3,ESC N°10 PRESIDENTE QUINTANA,-34.6034451842,-58.4004245919,LAVALLE 2366,5523
4341,3,COL ISABEL CONDE DE HERNANDEZ,-34.6126907467,-58.3926046335,MORENO 1859,1368
4342,3,INSTITUTO SUP DE VIAJANTES,-34.6108569144,-58.3932807761,COMBATE DE LOS POZOS 146,1364
4344,3,INSTITUTO DON ORIONE,-34.6106204497,-58.3959436026,HIPOLITO YRIGOYEN 2084,1705
4345,3,UBA FACULTAD DE CS ECONOMICAS,-34.5998246293,-58.3979288936,AV CORDOBA 2150,5536
4350,1,ESC N°2 FRAY C RODRIGUEZ,-34.6168114982,-58.3899903417,CHILE 1670,2443
4363,1,ESC N°3 SANCHEZ DE THOMPSON,-34.614844213,-58.378974517,TACUARI 567,3380
4367,1,ESC N°26 HIPOLITO YRIGOYEN,-34.6216966862,-58.3702969082,AV SAN JUAN 353,4058
4369,1,ESC N°3 BERNARDINO RIVADAVIA,-34.622408003,-58.3728117946,BOLIVAR 1235,3400
4388,1,ESC N°16 EUSTAQUIO CARDENAS,-34.6225201448,-58.3829146476,SALTA 1226,3460
4394,1,ESC N°5 AGUSTIN ALVAREZ,-34.6213091983,-58.3882578234,HUMBERTO I 1573,4872
4395,1,COLEGIO DON BOSCO,-34.6121233501,-58.390318441,SOLIS 252,5160
4404,1,ESC N°9 FAMILIA DE CABEZON,-34.6062031336,-58.3826461829,TTE GRAL J D PERON 1140,3440
4407,1,ESC N°4  CATEDRAL J M ESTRADA,-34.6024426739,-58.3724689141,RECONQUISTA 461,3123
4409,1,ESC N°13 GRAL SAN MARTIN,-34.6026644584,-58.3739186658,SAN MARTIN 458,5215
4410,1,COLEGIO DE NUESTRA SEÑORA,-34.5993756254,-58.3782147377,ESMERALDA 759,3123
4412,1,ESC N°8 NICOLAS AVELLANEDA,-34.6008166739,-58.3854239466,TALCAHUANO 680,6220
4417,15,ESC Nº27 PETRONILA RODRIGUEZ,-34.5849461429,-58.4819085852,ANDONAEGUI 1532/HAMBURGO S/N,3450
4418,15,ESC COM Nº24 D VELEZ SARSFIELD,-34.5900936303,-58.467635311,AV DEL CAMPO 1340,3448
4419,13,ESC N°2 CASTO MUNITA,-34.5615586535,-58.4541417625,CUBA 2039,6586
4420,15,INST C ESTRADA DE MARTINEZ,-34.5874947379,-58.4706274648,AV DEL CAMPO 1653,2798
4423,15,INSTITUTO EDUC SANTA TERESITA,-34.5898631185,-58.4761912521,QUIROS 2941,4139
4424,13,ENET N°28 REP FRANCESA,-34.5578998943,-58.457415816,CUBA 2410,4858
4427,13,ESC N°3 ESTEBAN ECHEVERRIA,-34.5660187123,-58.4574875864,MOLDES 1858,5536
4434,13,INST SUPERIOR ARGENTINA 2000,-34.5665107128,-58.4582972911,VIDAL 1861,2070
4437,15,ESC Nº26 JOSE MARMOL,-34.5769529435,-58.4692037886,CARBAJAL 4019,3150
4442,13,ESC N°7 MANUEL J GARCIA,-34.5493971528,-58.4676432147,AV CABILDO 3615,4816
4443,15,INSTITUTO EDUCACIONAL DUAYEN,-34.5786830286,-58.4743965131,BALLIVIAN 2230,2443
4445,12,INST SAN FRANCISCO DE ASIS,-34.5497048171,-58.4696317421,CRISOLOGO LARRALDE 2551,2082
4446,15,ESC Nº8 MENDEZ CASARIEGO,-34.5922095042,-58.4544321315,AV JORGE NEWBERY 4436,2055
4447,13,ESC N°4 CNEL F BRANDSEN,-34.5516877751,-58.4682991091,JUANA AZURDUY 2541,2094
4448,15,ESC Nº12 HERMINIA BRUMANA,-34.597127397,-58.4526382558,FITZ ROY 171,2415
4450,12,ESC N°15 PCIA DE SANTA FE,-34.5413599635,-58.4762778485,PICO 2629/2689,4174
4451,15,ESC Nº21 ALTE S STORNI,-34.5969517434,-58.4517755151,MARTINEZ ROSAS 1364,2415
4453,12,INST SAN FRANCISCO DE ASIS,-34.5492261695,-58.4696287818,CIUDAD DE LA PAZ 3646,2776
4454,15,ESC Nº1 QUINTANA DE ESCALADA,-34.5987042438,-58.4400560802,AV CORRIENTES 5332,4485
4455,15,ESC Nº2 FRANCISCO D HERRERA,-34.5986995919,-58.4419880717,CAMARGO 725,2761
4456,15,ESC Nº17 FRANCISCO DE VITORIA,-34.6018696683,-58.4381119682,JULIAN ALVAREZ 240,4844
4457,12,INSTITUTO SAN ISIDRO LABRADOR,-34.5419576851,-58.4745852184,AV SAN ISIDRO 4700,2776
4458,15,ESC NAC Nº16 GABRIELA MISTRAL,-34.602806599,-58.4393727693,JULIAN ALVAREZ 123,2070
4460,15,INST R VIRGINUM ADORATRICES,-34.6051236556,-58.447233449,AV H PUEYRREDON 1339 /A FIGUEROA 435,5566
4462,13,ESC N°17 JUAN BALESTRA,-34.5571605607,-58.4566808429,ARCOS 2440,4511
4464,15,ESC Nº22 DR ROMULO S NAON,-34.6010874805,-58.4390417075,ARAOZ 234,1725
4466,15,COLEGIO BUENOS AIRES,-34.5987031549,-58.4413527906,ACEVEDO 357,1725
4469,13,ESC NORM SUP N°10 J B ALBERDI,-34.5565754658,-58.4557286132,O HIGGINS 2441,9018
4470,15,ESC Nº16 ANDRES FERREYRA,-34.6064549199,-58.4487981131,CNEL APOLINARIO FIGUEROA 661 / S/N,6264
4471,13,ESC N°22 E DE SAN MARTIN,-34.55232197,-58.4517504663,FRANKLIN D ROOSEVELT 1510,4188
4472,6,INST REDEMETRIX CAPTIVORUM,-34.6090686185,-58.4535724074,ESPINOSA 1220 /LUIS VIALE Y ESPINOSA,5543
4473,6,ESCUELA Nº19 GALICIA,-34.6081739264,-58.4533059439,LUIS VIALE 1052,2422
4474,6,ESCUELA Nº11 JOSE I DE GORRITI,-34.6089298946,-58.4583003287,NICASIO OROÑO 1431/1429,1730
4475,13,UNITED HIGH SCHOOL,-34.5542998572,-58.4516241508,MONTAÑESES 2434,2094
4476,15,ESC Nº21 EMILIO OLIVE,-34.6041035271,-58.4501575023,ROJAS 1554,2436
4480,13,ESC N°20 VICEALMIRANTE MONTES,-34.5508592933,-58.453804818,AV CONGRESO 1553,2728
4481,13,INST NS DE LA MISERICORDIA,-34.5675630382,-58.4493483503,AV CABILDO 1333,4152
4485,13,ESC N°9 EVARISTO JULIO BADIA,-34.5510666623,-58.4608809204,O HIGGINS 3050,6197
4487,14,WASHINGTON SCHOOL,-34.566083142,-58.4412129944,AV FEDERICO LACROZE 1973,2768
4489,13,INSTITUTO MANUEL BELGRANO,-34.5639860241,-58.4526522915,LA PAMPA 2226,4844
4490,13,ESC N°10 DE RECUPERACION,-34.5487492274,-58.4632610301,O HIGGINS 3401,2752
4491,13,ESC N°10 JOAQUIN M CULLEN,-34.5467353302,-58.4605322282,ONCE DE SEPTIEMBRE 3451,3409
4495,13,INSTITUTO AULA XXI,-34.5490411543,-58.458947057,ONCE DE SEPTIEMBRE 3168,3069
4499,13,ESC Nº16 CAPITAN MOYANO,-34.5706342826,-58.4512128176,MOLDES 1102,3480
4504,13,ESC Nº17 MONSEÑOR FRANCESCHI,-34.5751980384,-58.4607690317,GRAL ENRIQUE MARTINEZ 1432,2082
4507,13,ESC N°8 A GONZALEZ FERNANDEZ,-34.552432837,-58.4428792498,MENDOZA 1000,5153
4509,15,ESC Nº18 CABILDO DE BS AS,-34.5837143156,-58.4531351751,AV FEDERICO LACROZE 3839,2394
4510,15,ENET Nº32 JOSE DE SAN MARTIN,-34.583588483,-58.4544194423,TEODORO GARCIA 3871,4446
4511,13,ESC Nº12 M DE PERU R CASTILLA,-34.5765414391,-58.4523447778,CONDE 943,2784
4517,13,COL HANS CHRISTIAN ANDERSEN,-34.5687787477,-58.4507876908,CIUDAD DE LA PAZ 1282,4176
4519,13,ESC Nº7 MARCOS SASTRE,-34.5735555864,-58.4547036768,VIRREY LORETO 3050,3475
4522,14,ESC Nº5 CONGRESO DE LA NACION,-34.5647544088,-58.4342579064,AV DEL LIBERTADOR 4777,4886
4524,14,INSTITUTO SAN MARTIN DE TOURS,-34.5779121972,-58.4032411946,AV FIGUEROA ALCORTA 3380,4176
4525,14,ESC Nº30 GRANAD DE SAN MARTIN,-34.5640941689,-58.4353820969,AV DEL LIBERTADOR 4903,5928
4527,14,ESC Nº10 MANUEL LAINEZ,-34.5695315497,-58.4432744465,OLLEROS 2325,5205
4528,14,INSTITUTO BAYARD,-34.5780936352,-58.4062189794,JERONIMO SALGUERO 2969,2082
4529,14,INST SANTA MARIA DE LUJAN,-34.571010787,-58.4404551114,TRES DE FEBRERO 760,3114
4535,14,INSTITUTO HOGAR SAN BENITO,-34.5710334432,-58.4307678038,ARCE 322,2088
4536,14,CENTRO CENTES N°2,-34.5781469967,-58.4112219415,JUAN FRANCISCO SEGUI 3755,3114
4537,14,ESC Nº8 ARMENIO ARGENTINA,-34.5691608937,-58.4338112843,ARCE 611,6264
4538,14,ESC N°26 ADOLFO VAN GELDEREN,-34.5838365465,-58.4105474517,JERONIMO SALGUERO 2455,5844
4539,14,ENET N°2 OSVALDO MAGNASCO,-34.584847479,-58.4162531208,AV SANTA FE 3727,1384
4542,14,ESC DE JARDINERIA C M HICKEN,-34.5816848941,-58.4170275192,AV GRAL LAS HERAS 4078,2422
4545,2,ESC N°13 REP DE IRAN,-34.5967689715,-58.4153485022,JOSE A CABRERA 3484,4173
4546,13,UNIVERSIDAD CATOLICA ARGENTINA,-34.5793113448,-58.4445829591,GRAL RAMON FREIRE 183,4116
4548,14,ESC Nº3 M SANCHEZ DE THOMPSON,-34.5747784738,-58.4363384346,AV CABILDO 40,3114
4549,14,COLEGIO TERESA DE JESUS (SEC),-34.5827770942,-58.4108565545,ARAOZ 2954,3440
4551,13,INST ESPAÑOL VIRGEN DEL PILAR,-34.5753313412,-58.447879165,AV FEDERICO LACROZE 2950,2742
4553,14,ESC N SUP Nº8 LENGUAS VIVAS,-34.5854362887,-58.4101295318,JUNCAL 3251,4472
4554,15,ESC Nº14 DR LUIS AGOTE,-34.5844844096,-58.4493437055,AV JORGE NEWBERY 3664,1710
4555,2,COLEGIO ALETHEIA,-34.5945104591,-58.4105897731,GALLO 1353,3500
4556,13,ESC Nº13 R SCALABRINI ORTIZ,-34.5802253695,-58.4454427214,CONDE 223/ CONDE S/N,5091
4557,14,UNIVERSIDAD DE PALERMO,-34.597432222,-58.415887042,MARIO BRAVO 1042,3460
4558,14,ESC N°16 WENCESLAO POSSE,-34.5857746402,-58.4090695322,JUNCAL 3131/3185,4816
4562,14,ESC Nº14 PCIA DE RIO NEGRO,-34.5834357712,-58.4433678993,AREVALO 1408,4176
4565,15,ENET Nº34 E MARTIN HERMITTE,-34.589337149,-58.4436452696,AGUIRRE 1473,5472
4566,14,ESC NORM N°6 V LOPEZ Y PLANES,-34.5870926163,-58.4159551403,GUEMES 3837/3859,7308
4568,14,COL NAC Nº4 NICOLAS AVELLANEDA,-34.5839044361,-58.4347556528,EL SALVADOR 5528,3124
4569,14,ESC N°5 U LLAMES DE LA PUENTE,-34.5907740179,-58.4149339002,GRAL MANSILLA 3643/R DOMINICANA S/N,4511
4570,2,ESC N°18 DR HERRERA VEGAS,-34.5835699037,-58.4053520467,AV GRAL LAS HERAS 3086,3457
4571,14,COLEGIO GUADALUPE,-34.58939536,-58.4180592759,PARAGUAY 3925/J ALVAREZ 2129,7308
4574,14,ESC N°11 MANUELA PEDRAZA,-34.5865633304,-58.4207126538,MALABIA 2252,4872
4575,14,COLEGIO FASTA CATHERINA,-34.5782416932,-58.43599966,SOLER 5942,2776
4578,14,COLEGIO DEL DIVINO CORAZON,-34.5898428779,-58.4152296746,REPUBLICA DOMINICANA 3586,4514
4581,14,ESC Nº6 VICENTE FIDEL LOPEZ,-34.5767057158,-58.4308053042,AV SANTA FE 5039,4858
4583,13,ESC Nº3 JUANA MANSO,-34.5726517133,-58.442247166,ZAPATA 449,3476
4585,14,ESC NAC Nº31 NACIONES UNIDAS,-34.5797158298,-58.4350327248,ANGEL J CARRANZA 2045,4164
4591,2,UBA FAC DE DERECHO Y CS SOCIAL,-34.5832911672,-58.392372948,AV F ALCORTA 2263/J V GONZALEZ S/N,10626
4593,1,COL. NAC.Nº2 D F SARMIENTO,-34.5935693893,-58.3844043107,LIBERTAD 1257,7631
4594,2,UBA FACULTAD DE INGENIERIA,-34.5883978062,-58.3961968266,AV GRAL LAS HERAS 2214,5882
4596,1,ESC COM Nº2 D F SARMIENTO,-34.5925793485,-58.3845664405,AV PTE QUINTANA 7/31,6940
4600,2,ESC N°10 GREGORIA PEREZ,-34.5921384487,-58.4045862559,ARENALES 2733,4511
4602,2,INST N SRA DE LA MISERICORDIA,-34.5901368541,-58.3971721236,AZCUENAGA 1630,4152
4603,14,INSTITUTO AMBROSIO TOGNONI,-34.5804481514,-58.4229391341,AV SANTA FE 4320,2784
4604,2,INST INM C DE M ADORATRICES,-34.5979061371,-58.3870448502,URUGUAY 932/936,1725
4606,2,ESC Nº3 ONESIMO LEGUIZAMON,-34.5958515312,-58.3886272283,AV SANTA FE 1510,4140
4607,14,COLEGIO PALERMO CHICO,-34.5850049426,-58.4262190021,GUATEMALA 4892,3132
4611,14,ESC N°17 BLAS PARERA,-34.5859657121,-58.4220908286,ARMENIA 2214,5231
4612,2,COLEGIO CHAMPAGNAT,-34.5966115686,-58.3899048494,MONTEVIDEO 1046,5512
4616,2,ESC N°1 R SAENZ PEÑA,-34.5987085017,-58.3952098887,PARAGUAY 1950,7207
4621,2,INSTITUTO MERCEDES PACHECO,-34.5921105665,-58.4036496799,DR T M DE ANCHORENA 1553,3470
4626,14,ESC N°9 CNEL BERON DE ASTRADA,-34.5927266337,-58.419949022,EL SALVADOR 4037,4503
4629,14,CENTRO EDUC ARQ ESPIRITU SANTO,-34.5909521258,-58.4204208952,F ACUÑA DE FIGUEROA 1742,3114
4631,1,COLEGIO SAN MARON,-34.5977090399,-58.3788251414,PARAGUAY 834,2028
4636,1,ESC Nº25 BANDERA ARGENTINA,-34.5880280751,-58.3705814174,EEUU DEL BRASIL S/N Y ANT ARG,4550
4639,1,EMEM Nº6 PADRE C MUGICA,-34.5881624133,-58.3706680265,LETONIA S/N Y ANT ARG,3144
4640,14,ESC N°4 PROV DE CORDOBA,-34.5926314865,-58.427713614,AV R SCALABRINI ORTIZ 1336,3398
4641,1,ESC Nº6 FRENCH Y BERUTI,-34.5931256402,-58.3771513306,BASAVILBASO 1295 / JUNCAL 690,5085
4651,14,INSTITUTO MARIE MANOOGIAN,-34.5918424693,-58.4310244945,ARMENIA 1338,3390
4653,2,COLEGIO LA ANUNCIATA,-34.5944966092,-58.396496924,ARENALES 2065,2061
4654,14,INST SAN GREGORIO ILUMINADOR,-34.5918322821,-58.4308312629,ARMENIA 1353,2034
4661,9,ESC Nº16 DR M LEGUIZAMON,-34.6523999071,-58.5085143478,MARTINIANO LEGUIZAMON 1470,3460
4662,14,ESC N°23 JOSE M BUSTILLO,-34.5897634651,-58.4335943605,THAMES 1361,2019
4663,2,ESC N°1 JUAN JOSE CASTELLI,-34.5902384108,-58.3921839236,AYACUCHO 1680,7885
4665,15,INSTITUTO GRIEGO ATENAGORAS I,-34.596180433,-58.4302343473,LERMA 242,4844
4666,2,ESC N°21 ANGEL GALLARDO,-34.588834603,-58.390484041,AYACUCHO 1849,2401
4670,9,ESC Nº4 REPUBLICA DEL BRASIL,-34.6499228501,-58.5029241368,MANUEL ARTIGAS 5951,3480
4672,9,ESC Nº7 ARISTOBULO DEL VALLE,-34.6607281417,-58.5103324063,CARHUE 2157,3801
4675,9,INSTITUTO MARIA ANA MOGAS,-34.658428789,-58.5146689525,GUAMINI 1850,3453
4676,2,INSTITUTO NTRA SRA DEL PILAR,-34.5893887679,-58.3927138401,VICENTE LOPEZ 1969,1368
4678,9,ESC Nº14 ISLAS MALVINAS,-34.6662120883,-58.5044293734,AV DE LOS CORRALES 7040,3450
4679,15,ESC N°2 AUSTRALIA,-34.5953986292,-58.4386379258,GURRUCHAGA 739,4485
4680,15,INSTITUTO INTEGRAL MUNDO NUEVO,-34.5959312093,-58.4417540281,SERRANO 557,2757
4681,9,ESC N°6 PROF FELIPE BOERO,-34.673519954,-58.5009562477,AV EVA PERON 7431,3105
4686,9,LICEO Nº8 ESTEBAN ECHEVERRIA,-34.653214763,-58.5051865093,MURGUIONDO 1568/ OLIDEN S/N,2784
4690,9,ESC Nº 11 EMILIO VON BEHRING,-34.666586184,-58.5022797385,AV CNEL CARDENAS 2652,1380
4692,15,INST SAN J DE LA PALABRA DIOS,-34.5932247169,-58.4362809474,CASTILLO 767,3817
4693,9,ESC Nº12 PBRO MONTES CARBALLO,-34.6575995328,-58.4938735519,LARRAYA 2055,2415
4694,15,ESC N°18 YAPEYU,-34.5950185167,-58.4336331488,MALABIA 964,6940
4695,9,ESC Nº13 PROF VIEIRA MENDEZ,-34.6490454775,-58.4974648885,BRAGADO 5350,1740
4696,15,INST PRIV DE LA COL HELENICA,-34.5961958,-58.4292516694,JULIAN ALVAREZ 1030,4499
4697,9,ESC Nº14 JOSE ANTONIO CABRERA,-34.6592228828,-58.4926279304,SAN PEDRO 5845,2070
4701,8,ESC DE COM N°12 JUAN XXIII,-34.6774578241,-58.4803729982,AQUINO 6040,4550
4703,8,COL MACNAB BERNAL SECUNDARIO,-34.6905112104,-58.476294096,ITAQUI 6800,2443
4705,8,ESC N°9 HECTOR PANIZZA,-34.6883025643,-58.4631251639,BERON DE ASTRADA 5920,4188
4706,8,ESC N°17 GASPAR BENAVENTO,-34.6658012103,-58.4440443796,CORRALES 3420,3490
4707,8,ESC N°21 SOLDADOS DE MALVINAS,-34.6798663586,-58.4936008661,GOLETA SANTA CRUZ 6999,4900
4709,8,ESC N°3 CRISTOBAL COLON,-34.6764691138,-58.4721473157,LARRAZABAL 4051,3850
4711,8,INSTITUTO NTRA SRA DE LA PAZ,-34.6752731882,-58.4907227613,AV PIEDRABUENA 3595,3150
4713,8,ESC N°6 REPUBLICA DE LA INDIA,-34.682425076,-58.4637497203,NICOLAS DESCALZI 5425,3473
4714,8,ESC N°9 HOMERO MANZI,-34.6628383561,-58.4820765397,MIRALLA 2666,3500
4716,8,ESC N°18 JUAN B DE LA SALLE,-34.666106687,-58.4447467597,CORRALES 3450,3490
4717,7,INSTITUTO SANTA CLARA,-34.6429238826,-58.4558727529,ZUVIRIA 2660,4537
4719,7,INSTITUTO MEDALLA MILAGROSA,-34.6361601887,-58.4463369354,AV CURAPALIGUE 1155,3831
4720,8,ESC N°4 PCIA DE TUCUMAN,-34.6718055139,-58.4693802921,AV RIESTRA 5030,3495
4721,9,ESC Nº22 PCIA DE SANTA CRUZ,-34.6376718155,-58.5279677432,CUZCO 116,2408
4722,7,ESC N°13 FRANCISCA JACQUES,-34.6416654689,-58.447670946,LAUTARO 1440,4176
4723,8,ESC N°10 ITALO A FORADORI,-34.6817286198,-58.4640439741,LARRAZABAL 5001,4550
4724,9,ESC Nº9 JOSE MARIA TORRES,-34.6434459318,-58.5120112934,AV LARRAZABAL 420,2792
4725,8,ESC DE BELLAS ARTES LOLA MORA,-34.6849519968,-58.464551112,SOLDADO DE LA FRONTERA 5155,5232
4726,9,ESC Nº8 D VELEZ SARSFIELD,-34.642294411,-58.5123006996,FONROUGE 370,2094
4727,7,ESC N°4 BENJAMIN ZORRILLA,-34.6458723461,-58.4575256203,AV SAN PEDRITO 1415/1425,5590
4728,9,ESC Nº20 M SANCHEZ DE LORIA,-34.63635169,-58.5228728315,BARRAGAN 366,2408
4729,8,INSTITUTO DON ORIONE,-34.6782153437,-58.4873575854,AV PIEDRABUENA 3848,3497
4730,9,ESC Nº18 REPUBLICA DE COREA,-34.6400278683,-58.5186245831,MURGUIONDO 76,2792
4731,8,ESC N°20 DE RECUP A M DE JUSTO,-34.6798637405,-58.4935894089,GOLETA SANTA CRUZ 6997,2450
4732,9,ESC Nº4 GRAL FELIX DE OLAZABAL,-34.6403098267,-58.5212788795,RAMON L FALCON 6702,1720
4733,8,ESC N°5 ARMADA ARGENTINA,-34.680182667,-58.4659668184,AV LARRAZABAL 4520,4550
4734,9,ESC Nº17 CARLOS MOREL,-34.64166779,-58.5281408703,IBARROLA 7249,1720
4735,7,COLEGIO ARMENIO ARZRUNI,-34.6471326801,-58.4600910306,JOSE MARTI 1580,4188
4736,9,ESC Nº3 REPUBLICA FRANCESA,-34.6409852924,-58.5263477919,MONTIEL 153,1720
4737,7,ESC N°7 TTE MANUEL F ORIGONE,-34.6384498653,-58.4480072398,PUMACAHUA 1247,3109
4738,9,ESC Nº1 DE LA INDEP ARGENTINA,-34.6521606248,-58.5230112668,GUAMINI 1167,2742
4739,7,ESC N°22 HIPOLITO BOUCHARD,-34.6431312226,-58.4500609618,AVELINO DIAZ 2356,3141
4744,9,INSTITUTO SAN CAYETANO,-34.6375088424,-58.5279864063,CUZCO 176,2064
4746,9,ESC DE COM Nº32 JOSE L SUAREZ,-34.6440444711,-58.5086721157,ACASUSSO 5860,1745
4752,8,ESC N°11 PONCIANO VIVANCO,-34.6648811935,-58.4895297249,OLIDEN 2851 / OLIDEN S/N,4900
4754,10,ESC Nº29 EDUCACION ESPECIAL,-34.6170759134,-58.4961769375,CHIVILCOY 1820,3150
4755,11,INSTITUTO SANTA RITA,-34.6153591355,-58.4874782304,P ALBARRACIN DE SARMIENTO 3436,4152
4756,8,ESC N°15 DR CARLOS A VERONELLI,-34.6888694431,-58.4632416897,CAFAYATE 5388,4550
4757,10,ESCUELA N°11 RCA DEL PERU,-34.6273916115,-58.4896984174,AV GAONA 4763,1017
4759,10,ESC Nº10 CNEL DE MAR L ROSALES,-34.6215538126,-58.4922888208,MERCEDES 1405,3740
4761,8,COL MACNAB BERNAL PRIMARIO,-34.6901567125,-58.4780468243,AV F FERNANDEZ DE LA CRUZ 6880,3141
4762,10,ESCUELA N°16 ERNESTO A BAVIO,-34.6196952002,-58.4909108691,BAHIA BLANCA 1551,2378
4764,5,ESC N°23 PCIA DE ENTRE RIOS,-34.6365688465,-58.4162994818,AV BOEDO 1935,4447
4765,8,ENET N°13 JOSE LUIS DELPINI,-34.6790740713,-58.4674306898,CNEL M CHILAVERT 5460,5582
4766,5,ESC N°26 RCA DE COLOMBIA,-34.6319291045,-58.4201934561,AV JUAN DE GARAY 3972,3490
4769,8,ESC N°16 DR SOFANOR CORVALAN,-34.6919039565,-58.467040142,BERON DE ASTRADA 6351,4188
4770,4,ESC N°1 M SILVENTI DE AMATO,-34.643484136,-58.4212175472,ALAGON 300,1740
4771,10,ESCUELA N°19 DR PEDRO I RIVERA,-34.6218365326,-58.4965858518,SAN BLAS 4356,1356
4772,9,ESC N°8 REINO DE THAILANDIA,-34.6586709095,-58.4752124467,HOMERO 2159,3145
4773,8,ESC N°15 RCA ARGENTINA,-34.665759029,-58.4715555516,AV CASTAÑARES 4689,5950
4774,11,ESC Nº18 T N TIERRA DEL FUEGO,-34.610945623,-58.4881963487,JULIO S DANTAS 3260,2416
4775,4,ESC N°5 PCIA DE CORRIENTES,-34.6399300549,-58.4215979097,AV CASEROS 4050,2432
4778,9,ESC N°5 ROBERTO BILLINGHURST,-34.6521871341,-58.4715456763,ZINNY 1641,2450
4780,7,ESC N°21 JUAN J PASO,-34.6387135694,-58.4305082713,BEAUCHEF 1869,2401
4783,7,ESC N°10 JUAN A MAZA,-34.6383070511,-58.4361402412,CACHIMAYO 1657,2401
4793,5,ESC N°20 E FERNANDEZ ALONSO,-34.639425581,-58.422512878,MUÑIZ 2147,2094
4794,7,ESC N°15 PROVINCIA DE SALTA,-34.6389473503,-58.4368844345,SARAZA 1353,4124
4797,10,ENET Nº27 HIPOLITO YRIGOYEN,-34.6214671194,-58.5174587608,VIRGILIO 1980,3819
4798,11,ESCUELA N°16 PADRE A NORES,-34.6140135837,-58.5235465478,CNEL RAMON LISTA 5256,4190
4800,10,ESCUELA N°2 ALEJANDRO AGUADO,-34.6217458699,-58.5092462118,CERVANTES 1911,2784
4801,10,ESCUELA N°16 J F KENNEDY,-34.6293003277,-58.5225959801,BRUSELAS 721,3795
4802,11,ENET N°24 DEFENSA DE BS AS,-34.6017880569,-58.4957413344,RICARDO GUTIERREZ 3246,4188
4804,10,ESCUELA N°25 ESTADOS UNIDOS,-34.6284567261,-58.5228093561,BRUSELAS 785,3430
4805,10,ESCUELA N°9 PCIA DE MISIONES,-34.6143600595,-58.4983654938,LASCANO 4044,3500
4807,10,ESC Nº18 GENDARMERIA NACIONAL,-34.6270867055,-58.5068025825,JUAN A GARCIA 5265,2082
4809,10,ESC Nº14 GUILLERMO M HUDSON,-34.6293666161,-58.5284507388,ARREGUI 6840,2064
4810,4,ENET N°33 F M DEL PLUMERILLO,-34.6558545302,-58.4209052156,AV INT FRANCISCO RABANAL 1549,2082
4812,11,ESCUELA N°6 ESTADO DE ISRAEL,-34.6137316369,-58.5225380068,CALDERON DE LA BARCA 3073,2443
4813,11,ESC N°4 R RUIZ DE LOS LLANOS,-34.6077818974,-58.514792699,AV FRANCISCO BEIRO 4548,1735
4815,4,ESC N°6 DR ADOLFO SALDIAS,-34.6572878722,-58.4174279303,ECHAURI 1576,1388
4817,10,ESC N°24 ROBERTO M ORTIZ,-34.6103328288,-58.5009909853,BAHIA BLANCA 2535,2098
4818,11,ESCUELA N°22 PROF PEDRO L COMI,-34.6140242483,-58.5177556304,TINOGASTA 5046,1745
4819,10,ESC Nº30 DR ESTEBAN A GASCON,-34.6305940652,-58.5088896722,SAN BLAS 5387,4092
4820,10,ESCUELA N°3 MONTE CASTRO,-34.6188462116,-58.5040992113,AV ALVAREZ JONTE 4651,2450
4821,8,ESC N°8 DR LUIS F LELOIR,-34.6595934637,-58.4289344884,AV INT FRANCISCO RABANAL 2275,3490
4825,4,ESC N°7 AERONAUTICA ARGENTINA,-34.6448057816,-58.4174351965,QUILMES 473,3132
4827,10,ESC N°17 TTE GRAL L M CAMPOS,-34.6154147276,-58.5055803687,SANTO TOME 4529,2450
4829,4,INSTITUTO SAN ANTONIO DE PADUA,-34.6527895718,-58.4188448354,TILCARA 3178,2431
4830,8,INSTITUTO CRISTO OBRERO,-34.6630965022,-58.4382628544,LAFUENTE 3242,3490
4836,8,ESC N°9 DR JOSE B ZUBIAUR,-34.660799719,-58.4281492514,CARLOS BERG 3460,2443
4839,8,ESC N°15 EVARISTO CARRIEGO,-34.6621551526,-58.4429780984,PORTELA 3150,3490
4843,8,ESC N°14 M REMEDIOS DEL VALLE,-34.6620650654,-58.4343687083,AV INT FRANCISCO RABANAL 2751,3141
4851,11,ESC N°19 FRANKLIN ROOSEVELT,-34.6065140785,-58.5239268178,AV SALVADOR M DEL CARRIL 4957,3839
4864,11,ESC Nº2 PROF JUAN JOSE MILLAN,-34.5995761442,-58.4947587953,HELGUERA 3228,1725
4866,11,VILLA DEVOTO SCHOOL,-34.6047627703,-58.5157790489,PEDRO MORAN 4441/4447,3123
4867,15,ESC Nº4 CNEL ALVAREZ THOMAS,-34.5910250422,-58.4960629822,TERRADA 3983,3105
4869,11,ESCUELA N°20 PEDRO MEDRANO,-34.6054899156,-58.5204262019,NUEVA YORK 4713,2090
4871,15,ESC Nº25 C SONDA DE PANDOLFINI,-34.5972393916,-58.4888748983,AV SAN MARTIN 5021,2415
4872,11,COLEGIO NAC N°19 LUIS PASTEUR,-34.6053937191,-58.5129168767,NAVARRO 4344,2776
4876,11,ESCUELA N°8 SAN JUAN BOSCO,-34.5933424599,-58.5191061999,MERCEDES 4966,1029
4879,12,INSTITUTO DAMASA Z DE SAAVEDRA,-34.5739060036,-58.5037811092,AV ALBARELLOS 2367,4472
4893,12,ESC N°13 HILARION M MORENO,-34.5760094302,-58.504360146,GRAL J G DE ARTIGAS 5645,3087
4895,11,ESCUELA N°2 RCA DE PANAMA,-34.5939827491,-58.5045595063,AV SAN MARTIN 6387 / 6365,3087
4896,11,INSTITUTO SAN JOSE,-34.5920466537,-58.5102403258,AV SAN MARTIN 6832,2058
4897,12,ESC N°16 DE RECUPERACION,-34.5844930815,-58.4994470709,AV GRAL MOSCONI 2641,2768
4898,11,ESC Nº18 COMODORO C URTUBEY,-34.6053074471,-58.4630332062,A MAGARIÑOS CERVANTES 1556,2094
4902,15,ESC Nº10 RCA DEL ECUADOR,-34.6009515926,-58.4677107032,ESPINOSA 2547,3490
4904,11,ESCUELA N°12 DE RECUPERACION,-34.6134103615,-58.4679062355,GAVILAN 1464,1612
4905,11,ESCUELA N°5 GABRIELA MISTRAL,-34.5873706727,-58.5123243937,JOSE LEON CABEZON 3446,2058
4907,11,ESCUELA N°9 JAPON,-34.6070000592,-58.4656925339,SANCHEZ 1858 / A M CERVANTES S/N,3490
4910,11,ESC Nº16 FRAY J STA M DE ORO,-34.6036220493,-58.4712580154,AV ALVAREZ JONTE 1964,2443
4912,12,INSTITUTO NTRA SRA DEL HUERTO,-34.5875377658,-58.5041072297,AV GRAL MOSCONI 3022,3114
4916,12,ESC N°17 G M Y R S MARTIN,-34.5853081577,-58.496806018,VALLEJOS 2555,2768
4917,11,ESC Nº13 LEOPOLDO MARECHAL,-34.6116565774,-58.4630562504,GALICIA 1857,2094
4919,11,INSTITUTO CABRINI,-34.6090376272,-58.4686776425,GRAL CESAR DIAZ 2076,3141
4922,12,EMEM N°1 R WALSH,-34.5795140466,-58.51026668,ARGERICH 5651,2064
4932,11,ESC Nº17 C DE RODRIGUEZ PEÑA,-34.6130928122,-58.4792797394,A MAGARIÑOS CERVANTES 2865,1032
4935,11,ESC Nº24 FRANCISCO BEIRO,-34.6040389292,-58.4818464562,BOLIVIA 2569,3144
4938,11,INST N S DE LA SAGRADA FAMILIA,-34.6159587823,-58.4706109721,GRAL J G DE ARTIGAS 1276,4446
4939,12,ESC N°12 CARDENAL PACELLI,-34.5666239691,-58.5028660019,CRISOLOGO LARRALDE 5934,3132
4940,11,ESC Nº10 ERNESTO GALLONI,-34.606753968,-58.4888750827,HELGUERA 2435,1750
4941,11,ESCUELA N°7 RCA DE MEXICO,-34.6093843152,-58.4803919386,JUAN A GARCIA 2755,4140
4942,12,ESC N°18 H LARROQUE DE ROFFO,-34.5693134015,-58.5068148837,MEDEYROS 3555,2784
4945,12,INST TOMAS DEVOTO,-34.5771905538,-58.4934630673,F D ROOSEVELT 5678/E CIVIT 5685,2082
4946,11,ESCUELA N°7 JORGE NEWBERY,-34.6118288231,-58.4821241679,SAN BLAS 2962,2412
4947,11,ESC N°21 R GRAL SAN MARTIN,-34.604393261,-58.486277365,SANTO TOME 2836,2450
4949,11,ESC Nº25 GRAL ALFREDO D ZUNDA,-34.6159894366,-58.4791679662,R ESCALADA DE SAN MARTIN 2986,4128
4953,12,ESC N°2 JUANA MANUELA GORRITI,-34.5731334774,-58.4877107492,AV TRIUNVIRATO 4857,3480
4954,12,COLEGIO N°12 RECONQUISTA,-34.5724964934,-58.4888385714,AV TRIUNVIRATO 4992/BAUNESS 2679,2776
4956,12,ESC N° 10 DR RAMON J CARCANO,-34.5800861414,-58.4844302826,BUCARELLI 1950,2422
4957,12,ESC N°9 DOMINGUITO,-34.5787491171,-58.4806514111,ECHEVERRIA 5034,2770
4958,12,COLEGIO HORACIO WATSON,-34.5734659647,-58.4856699172,DIAZ COLODRERO 2431,2436
4959,12,INSTITUTO BEATA IMELDA,-34.5775839009,-58.4887296016,ANDONAEGUI 2261/2287,2082
4965,12,ESCUELA N°1 CORONEL OLAVARRIA,-34.5714298371,-58.4899171289,AV TRIUNVIRATO 5101,3141
4966,12,ESCUELA N°19 NACIONES UNIDAS,-34.5634636199,-58.5023265559,R YRURTIA 5806/C PELLEGRINI S/N,4723
4967,12,ESC N°17 GAUCHOS DE GUEMES,-34.567550344,-58.4942436561,JOSE P TAMBORINI 5324,2436
4968,12,ESC N°11 FRAY LUIS BELTRAN,-34.5682206304,-58.4915504071,CAPDEVILA 3156,2441
4970,12,ESC N°3 RCA DE COSTA RICA,-34.5619089472,-58.485521246,MANUELA PEDRAZA 4548,3480
4971,12,ESC N°14 DR VICENTE C GALLO,-34.5513672205,-58.4955172517,DEHEZA 4728,3440
4974,12,ESC N°13 DR IGNACIO ALBARRACIN,-34.552659791,-58.4929189988,MARIANO ACHA 4452,1720
4982,12,ESC N°8 JORGE ANGEL BOERO,-34.5757949693,-58.4800059335,JURAMENTO 4849,2431
4983,12,ESC N°4 PCIA DE BUENOS AIRES,-34.5703628748,-58.4839657237,AV ALVAREZ THOMAS 3391,2088
4984,12,ESC N°21 LIC JUSTO J NUÑEZ,-34.5722178828,-58.4771826185,MARIANO ACHA 2250,2088
4985,12,UBA CBC SEDE DRAGO,-34.5676544363,-58.4784706248,HOLMBERG 2614/2644,5220
4988,12,INSTITUTO SAN VICENTE PALLOTI,-34.5718496272,-58.4707838169,ECHEVERRIA 3920,1392
4989,12,INSTITUTO HIJAS DE JESUS,-34.569100694,-58.4733657105,OLAZABAL 3849/3871,1740
4991,12,ESC N°18 JOSE HERNANDEZ,-34.573154164,-58.4686262565,LA PAMPA 3855,2088
4992,13,BS AS ENGLISH HIGH SCHOOL,-34.5707165859,-58.4654643628,AV MELIAN 1854,2399
4993,12,ESC N°25 REPUBLICA DE TURQUIA,-34.5506886105,-58.4864944855,RUIZ HUIDOBRO 3853,5175
4994,12,ESC N°22 FELIX DE AZARA,-34.5607291193,-58.4802030188,J P TAMBORINI 3948/J P TAMBORINI S/N,4524
4995,12,INST STA MARIA DE LOS ANGELES,-34.5592035674,-58.4802108122,MANUELA PEDRAZA 3978,5552
4996,12,INSTITUTO NTRA SRA DEL CARMEN,-34.56240953,-58.4728474376,ROQUE PEREZ 2786,4164
4997,12,ESC N°14 DEL BARCO CENTENERA,-34.5555629747,-58.4781575128,ROQUE PEREZ 3545,4474
5004,13,ESC N°12 RODOLFO SENET,-34.5544494027,-58.4702151657,AV CRAMER 3271,6649
5006,12,ESC N°21 CNEL C SAAVEDRA,-34.5497861397,-58.4777840976,GRAL RAMON FREIRE 4080,3458
5007,13,ESC N°16 REPUBLICA DOMINICANA,-34.5586075159,-58.4687076282,AV CONGRESO 3045,4886
5013,13,EMEM N°5 HEROES DE MALVINAS,-34.5645293587,-58.4616332114,AV CRAMER 2136,4164
5014,13,ESC N°19 PABLO PIZZURNO,-34.5616170407,-58.4654066086,MONROE 3000,5552
5015,13,LICEO N°9 SANTIAGO DERQUI,-34.567690184,-58.4602619633,CONESA 1855,2421
5016,13,BELGRANO DAY SCHOOL,-34.5646081842,-58.4633729243,MENDOZA 3036,2776
5017,13,COLEGIO ST BRENDAN S,-34.5683222774,-58.4660845991,SUPERI 2057,2736
5024,9,INSTITUTO LUJAN PORTEÑO,-34.6418631773,-58.4699123788,FRANCISCO BILBAO 3476,2415
5025,9,ESC N°11 DR PEDRO GOYENA,-34.6432336524,-58.469206436,GREGORIO DE LAFERRERE 3624,2421
5026,10,SEMINARIO I T BAUTISTA,-34.635759693,-58.4838912107,RAMON L FALCON 4080,1745
5027,10,ESC N°7 RECUERDOS DE PROVINCIA,-34.6436538207,-58.4929447613,AV JUAN B ALBERDI 4755,2429
5028,9,ESC N°24 S DE ELIA DE GIMENEZ,-34.6462138355,-58.4902749711,AV BRUIX 4620,3072
5030,4,ESC N°16 SABINA B DE BOZZALLA,-34.6522938201,-58.4075997618,AV AMANCIO ALCORTA 3402,2076
5032,4,INSTITUTO SAN VICENTE DE PAUL,-34.6519538899,-58.4123832427,ALBERTO EINSTEIN 599,2082
5035,4,ESC Nº2 PATRICIOS,-34.6390606692,-58.411608722,AV ALMAFUERTE 66,3081
5037,4,INSTITUTO SAN VICENTE DE PAUL,-34.6308160437,-58.4098439278,24 DE NOVIEMBRE 1665,1690
5040,4,CENTRO CENTES Nº1,-34.6355872106,-58.3821352523,RAMON CARRILLO 317,1396
5041,4,ESC Nº13 FRAY MAMERTO ESQUIU,-34.6463693548,-58.3826182547,SALOM 332,2736
5043,1,INSTITUTO MARIA AUXILIADORA,-34.6244718616,-58.3735272774,AV J DE GARAY 556/AV J DE GARAY S/N,2380
5046,4,ESC Nº19 REP ITALIANA,-34.6476967085,-58.3671778049,RIO CUARTO 1249,1384
5047,4,ESC Nº4 JOSE J BERRUTTI,-34.6424020188,-58.3655353925,B QUINQUELA MARTIN 1081/ A NUÑEZ S/N,2776
5051,7,ESC Nº9 JOSE MARIA PAZ,-34.6323994898,-58.4696147067,CNEL R L FALCON 2934,3500
5059,6,INSTITUTO MONSEÑOR DILLON,-34.6159580436,-58.455990777,ALTE J F SEGUI 863/BIEDMA 900,4128
5060,6,INSTITUTO SANTA BRIGIDA,-34.6128517108,-58.4566399586,AV GAONA 2068/SEGUI 991,3445
5063,6,ESC Nº24 VIRGEN GENERALA,-34.6191734946,-58.4530186792,JUAN JOSE BIEDMA 459,3096
5066,6,INSTITUTO CULTURAL MARIANISTA,-34.6222711795,-58.4449989079,AV RIVADAVIA 5656,4872
5067,6,INSTITUTO ARGENTINO EXCELSIOR,-34.6243228749,-58.4504047372,AV RIVADAVIA 6028,3132
5068,7,INSTITUTO WILLIAM DICKENS,-34.6357568561,-58.4465808968,AV CURAPALIGUE 1150,2793
5069,7,ESC Nº7 NIÑAS DE AYOHUMA,-34.6359033381,-58.4420543201,AV ASAMBLEA 1221,4200
5071,7,ESC Nº17 PROF R BERNARDELLI,-34.6315590473,-58.4338689267,ESTRADA 627,2768
5072,5,INSTITUTO MARIA AUXILIADORA,-34.6322213782,-58.4248924391,AV JUAN DE GARAY 4353,2784
5075,6,ESC Nº11 M T DE ALVEAR,-34.6223644097,-58.4301538609,AV JUAN B ALBERDI 163,5152
5079,5,JARDIN DE INF INT CESAR COLL,-34.615014039,-58.4267405424,HIPOLITO YRIGOYEN 4238,2768
5086,5,COLEGIO GALILEO GALILEI,-34.6019675833,-58.4255894371,PALESTINA 748,2728
5087,5,ESC Nº 7 JOSE MARIA TORRES,-34.6015478635,-58.4248401875,HUMAHUACA 4260/AV CORRIENTES 4261,5126
5092,3,ESC Nº17 LUIS CHORROARIN,-34.6215256251,-58.4049034643,CARLOS CALVO 2827,2760
5095,3,ESC Nº2 M ACOSTA,-34.6136683702,-58.4099690892,GRAL URQUIZA 277,4537
5096,3,COLEGIO Nº5 BARTOLOME MITRE,-34.6051233016,-58.4100951303,VALENTIN GOMEZ 3163,2776
5099,3,LICEO Nº10 RICARDO ROJAS,-34.6118555171,-58.4056034746,AV JUJUY 150,1020
5107,3,INSTITUTO UNIVERSITAS,-34.6032074029,-58.3930787474,LAVALLE 1838,1715
5109,1,COLEGIO DE LA PROVIDENCIA,-34.6240256856,-58.3864230177,COCHABAMBA 1414,2415
5113,1,ESC Nº1 VALENTIN GOMEZ,-34.6174982899,-58.3767764803,AV INDEPENDENCIA 758,4886
5116,1,ESC Nº4 CNEL ISIDORO SUAREZ,-34.6139478841,-58.3772508179,VENEZUELA 771,3380
5118,1,ESC POLITECNICA Nº5 M BELGRANO,-34.6118585003,-58.3733220223,BOLIVAR 346,1723
5119,8,INSTITUTO CONCEJAL SALVATORI,-34.6866110688,-58.4664080481,CAFAYATE 5115,4537
5121,8,ESC N°13 ALFREDO LANARI,-34.6872500969,-58.4758293768,AV PIEDRABUENA 4863,3124
5124,8,INSTITUTO SAGRADA FAMILIA,-34.6874639828,-58.4738788421,COSQUIN 4951,3464
5126,8,ESC DE COM N°6 AMERICA,-34.6643905822,-58.4704649794,AV ESCALADA 2890,5933
5131,7,ESC N°23 GRAL SAVIO,-34.6433677636,-58.4602816496,AV SAN PEDRITO 1137,2792
5135,15,ESC Nº4 GRAL LAVALLEJA,-34.5873889964,-58.4636553429,14 DE JULIO 546,2094
5136,15,ESC Nº20 RCA DE HONDURAS,-34.5920551557,-58.4675852371,ELCANO 4861,2792
5137,7,ESC N°24 DR FLORIAN OLIVER,-34.6369991307,-58.4253622492,SARAZA 470,2401
5139,7,INSTITUTO SAN JUDAS TADEO,-34.6438808615,-58.4360176085,SOMELLERA 1720,3460
5146,8,INSTITUTO SAN JOSE,-34.6632203011,-58.4409439223,CORRALES 3190,2443
5148,8,INSTITUTO NTRA SRA DE FATIMA,-34.6571903362,-58.4492525534,PORTELA 2750,4168
5150,4,ESC N°22,-34.6463012508,-58.432559722,MOM 2358,2784
5151,15,ESC N°11 DR ENRIQUE MOSCA,-34.5998279991,-58.4564502524,CASAFOUST 761,1735
5152,7,EMEM N°3,-34.6481973432,-58.4326197277,AGUSTIN DE VEDIA 2519,3488
5154,6,ESC Nº8 PROVINCIA DE SAN JUAN,-34.6092661841,-58.4529141755,CNEL A FIGUEROA 1077,3817
5159,13,COLEGIO OXFORD,-34.5510027475,-58.4538505817,AV CONGRESO 1570,2100
5164,13,ESCUELA CRISTOFORO COLOMBO,-34.5506995591,-58.4410466331,RAMSAY 2251,2401
5165,10,ESCUELA N°13 CNEL J A MELIAN,-34.6226451336,-58.4955884065,CAMARONES 4351,1695
5169,10,ESC N°4 CASIMIRO A MACIEL,-34.6236562831,-58.5013214448,MARCOS PAZ 1732,2443
5170,13,ESC TECNICA RAGGIO,-34.5361081954,-58.4664950747,AV DEL LIBERTADOR 8635/8651,7891
5177,13,INSTITUTO COMPAÑIA DE MARIA,-34.5757880893,-58.4528987392,CESPEDES 3128,2429
5178,15,ARGENTINA SCHOOL,-34.5805534301,-58.4549971854,GIRIBONE 867 / 873,2342
5181,14,INSTITUTO SUPERIOR ECCLESTON,-34.5629756701,-58.4169629538,AV DORREGO 3751,6952
5182,14,ESC N°9 JUAN C LAFINUR,-34.5838044627,-58.4387701146,GORRITI 5740,2436
5183,14,ESC FRANCESCO FAA DI BRUNO,-34.581028245,-58.4346048824,BONPLAND 1999,2082
5185,14,INSTITUTO LANGE LEY,-34.5831315959,-58.4129258183,AV R SCALABRINI ORTIZ 2840,5190
5186,14,COLEGIO CHILDREN S,-34.5865097876,-58.4192549634,CHARCAS 3949,1740
5187,14,ESC N°4 AMADEO JACQUES,-34.5918552443,-58.4172555408,SOLER 3929,1041
5194,14,ESC N°2 DE RECUPERACION,-34.5963022257,-58.423976277,JOSE A CABRERA 4078,3114
5195,14,UNIVERSIDAD A J F KENNEDY,-34.5958746222,-58.4251864201,PRINGLES 1377,2076
5200,15,COLEGIO PAIDEIA,-34.5968076918,-58.4387533401,ACEVEDO 566,1032
5201,15,JARDIN DE INFANTES N° 3,-34.5955045337,-58.4377472753,AGUIRRE 752,1035
5209,2,INSTITUTO DEL CARMEN,-34.5987025729,-58.3922433799,PARAGUAY 1706 / 1766,3450
5210,1,USAL FACULTAD DE CS ECONOMICAS,-34.596957693,-58.3862081338,M T DE ALVEAR 1335,5117
5212,9,INSTITUTO C DIVINA PASTORA,-34.6514573983,-58.5044475368,MANUEL ARTIGAS 6124,2436
5217,9,INST LUJAN DE LOS PATRIOTAS,-34.6534613949,-58.5184930044,AV EMILIO CASTRO 7154,5865
5221,9,INSTITUTO SAN JOSE (PRIMARIA),-34.650039608,-58.5114223658,AV E CASTRO 6351 / MURGUIONDO 1065,2736
5224,10,ESC N°12 PROF RAMON GENE,-34.6402629016,-58.5088696602,GARCIA DE COSSIO 5570,1735
5226,10,ESC CRIST EVANGELICA ARGENTINA,-34.6217198468,-58.5252096764,IRIGOYEN 2150/PEDRO LOZANO S/N,5552
5228,10,ESCUELA N°24 MAIPU,-34.6326995823,-58.5246035483,GALLARDO 521,2064
5230,11,INSTITUTO SAN RAFAEL,-34.6159206106,-58.5215375981,SIMBRON 5275,1745
5232,10,INST SACRATISIMO CORAZON JESUS,-34.6310514736,-58.5067658597,MOLIERE 856,2046
5233,10,ESCUELA DE CERAMICA ARRANZ/DANZAS JORGE DONN,-34.6293557921,-58.5037804142,A MAGARIÑOS CERVANTES 5068,3141
5234,10,ESC CRIST DE LA PUERTA ABIERTA,-34.6199462913,-58.512579935,SANTO TOME 5130,2429
5236,10,INST N S DEL BUEN Y P SOCORRO,-34.6297522583,-58.5146064907,IRIGOYEN 1143 / MIRANDA S/N,3063
5237,9,INSTITUTO DR D VELEZ SARSFIELD,-34.636124404,-58.5217958199,RESERVISTAS ARGENTINOS 249,3441
5238,10,ESC NAC DE COM N°33 MAIPU,-34.6213420616,-58.5083742721,AV ALVAREZ JONTE 5075,1041
5239,10,ESCUELA N°14 SIMON BOLIVAR,-34.620995966,-58.5253671753,TINOGASTA 5768,3477
5240,10,INSTITUTO SAN RAFAEL,-34.6196587516,-58.5044801569,BENITO JUAREZ 2159,3850
5242,11,ESCUELA N°15 ANTONIO DEVOTO,-34.6004868059,-58.5139629906,AV S M DEL CARRIL 4172/N YORK 4169,4140
5245,11,EMEM N°3 ANTONIO DEVOTO,-34.6006136475,-58.5124843697,MERCEDES 4002,3114
5248,11,ESCUELA DEL MIRADOR,-34.6062731427,-58.5134167833,FERNANDEZ DE ENCISO 3565,3470
5249,12,INSTITUTO POLITECNICO MODELO,-34.5730327824,-58.5039350109,AV DE LOS CONSTITUYENTES 5880,2064
5257,11,ESCUELA N°15 RCA DE VENEZUELA,-34.5860333685,-58.511975504,OBISPO SAN ALBERTO 3370,1715
5258,12,ESC Nº6 LUIS PASTEUR,-34.5753757216,-58.4962520344,NAHUEL HUAPI 5740,3827
5259,12,ESC N°9 REPUBLICA DE IRLANDA,-34.5709385279,-58.4978782038,IBERA 5734,2436
5263,12,COLEGIO SAINT JEAN,-34.5758142456,-58.488867204,MONROE 5352,2076
5267,12,COL CONSERVACION DE LA FE N°8,-34.5731421838,-58.4891273827,BAUNESS 2635,2429
5268,11,COLEGIO NUEVO PENSAR,-34.5999790555,-58.4867161913,NOGOYA 2620,2422
5271,11,ESCUELA N°1 DR DELLEPIANE,-34.6044369724,-58.4922652555,BAIGORRIA 3169,3850
5273,11,ESC N°3 POLICIA FEDERAL ARG,-34.6035597793,-58.4896336734,ARGERICH 2849,2450
5275,15,ESC N°13 PCIA DE NEUQUEN,-34.596788567,-58.4610622068,ALTE FRANCISCO SEGUI 2580,2441
5283,11,ESC N°26 D DE VEDIA DE MITRE,-34.6052480755,-58.4757427901,CARACAS 2372,1400
5285,12,SUNDERLAND CLUB,-34.5649288406,-58.4849973791,LUGONES 3161,2436
5289,12,INSTITUTO SANTA CLARA DE ASIS,-34.558520223,-58.478945485,MANUELA PEDRAZA 3850,3472
5291,12,EMEM Nº5 MONSEÑOR E ANGELELLI,-34.5527029623,-58.4867948708,TRONADOR 4134,1720
5295,12,COLEGIO DIVINA PROVIDENCIA,-34.5439681387,-58.4784911746,ARIAS 2915/ DEHEZA 2946,2082
5297,12,COLEGIO HIGHEST,-34.5531250767,-58.4758157769,CRISOLOGO LARRALDE 3281,1388
5298,13,ESC DE COM N°7 M BELGRANO,-34.561821476,-58.4659793979,MONROE 3061,3470
5300,13,INST N SRA DEL SAGRADO CORAZON,-34.5622815972,-58.4641874937,BLANCO ENCALADA 2942,3470
5301,13,ESC ARGENTINA GRAL BELGRANO,-34.5616626064,-58.4657117564,MONROE 3021/ CONESA S/N,1388
5302,13,INST PATROCINIO DE SAN JOSE,-34.5677359179,-58.4603337431,CONESA 1830/1846,3806
5310,4,ESC N°26 B MIGUEL DE AZCUENAGA,-34.6311293457,-58.396147864,PICHINCHA 1873,2443
5311,4,INSTITUTO NTRA SRA DE LUJAN,-34.6353208126,-58.3992203172,JUJUY 2179/RONDEAU 2626,4886
5312,4,ESC SUP N°11 RICARDO LEVENE,-34.6322366321,-58.4047442271,DEAN FUNES 1821,4057
5314,4,ENET N°31 MAESTRO QUINQUELA,-34.6389482811,-58.3601385352,AV PEDRO DE MENDOZA 1777,1384
5315,4,ESC N°9 PEDRO DE MENDOZA,-34.6390685545,-58.3609426057,AV PEDRO DE MENDOZA 1835,2768
5316,7,INSTITUTO SAN JOSE DE FLORES,-34.6326413628,-58.4621733762,J BONIFACIO 2475/ J BONIFACIO S/N,4188
5317,7,ESC N°15 CNEL C T SOURIGUES,-34.6230407568,-58.4647760134,J F ARANGUREN 2400/F C RODRIGUEZ S/N,3505
5320,5,UNIV ARGENTINA J F KENNEDY,-34.6041161773,-58.4296388301,SARMIENTO 4562,3105
5321,5,ESC N°22 CARLOS J BENIELLI,-34.6062945495,-58.4149366383,SANCHEZ DE BUSTAMANTE 260,2429
5324,3,INSTITUTO ARCANGEL SAN MIGUEL,-34.6099040411,-58.4117063505,DR T M DE ANCHORENA 41,4537
5328,1,UADE UNIV ARG DE LA EMPRESA,-34.617071778,-58.3816008652,LIMA 761 / INDEPENDENCIA 1127,2800
5330,1,ESC N°7 PTE ROCA,-34.6017330623,-58.3837951539,LIBERTAD 581,3480
5332,12,INSTITUTO SAGRADA FAMILIA,-34.5760430916,-58.4871480206,BLANCO ENCALADA 5154/ S/N,2768
5336,10,ESCUELA N°9 M FERNANDEZ,-34.6304174863,-58.4781013268,BACACAY 3542,2094
5338,4,ESC N°29 ADULTOS M BELGRANO,-34.6385240147,-58.3617295534,GRAL G ARAOZ DE LAMADRID 676,2768
5618,9,ESC Nº10 ALFONSINA STORNI,-34.6509948093,-58.5151937328,LISANDRO DE LA TORRE 1171,2394
6223,1,UNIV ARGENTINA J F KENNEDY,-34.6214403408,-58.3741157816,PERU 1156,1730
6427,4,INSTITUTO SANTA FELICITAS,-34.6369075639,-58.3723511504,PINZON 1480,4844
6463,5,ESC Nº19 FRANCISCO BALCARCE,-34.6011149013,-58.4223417279,F ACUÑA DE FIGUEROA 850,4858
6589,7,ESC DE REC N°8 LUIS VERNET,-34.6310119919,-58.4438105804,HORTIGUERA 742,2077
6639,9,ENET N°17 BRIG C SAAVEDRA,-34.6400656407,-58.4815794331,AV. LACARRA 535,4830
6657,7,ESC Nº5 REPUBLICA DEL SALVADOR,-34.6207967929,-58.46786127,GRAL J DE ARTIGAS 878,3840
6759,9,ESC PATRIA GRANDE,-34.6539189288,-58.496567241,CHASCOMUS 5598,2413
6902,11,ESCUELA Nº11 DR JOSE PERALTA,-34.6082069796,-58.5065663435,PEDRO LOZANO 4250,3838
6968,13,ESC N°5 JUAN B ALBERDI,-34.5641096266,-58.4590219399,MOLDES 2043/ MOLDES S/N,6249
7104,14,CENTRO ED SAN FCO JAVIER (PRI),-34.5869427098,-58.4273564943,JORGE LUIS BORGES 1883,2436
7227,13,COLEGIO N°8 JULIO A ROCA,-34.5695576675,-58.458749123,C E ZUBERBUHLER 1850,4511
7311,13,ESC N°15 GRAL B O HIGGINS,-34.5755683788,-58.4482336752,AV FEDERICO LACROZE 2971,3828
7749,1,ESCUELA GUILLERMO RAWSON,-34.6206702808,-58.3705903778,HUMBERTO Iº 343,3136
7755,1,COLEGIO INMACULADA CONCEPCION,-34.6198016199,-58.3826759075,CARLOS CALVO 1186,1388
7764,10,INSTITUTO SAN RAMON NONATO,-34.6278353054,-58.501449423,CERVANTES 1168,2450
7768,11,INSTITUTO EVANGELICO AMERICANO,-34.599168982,-58.4950644705,HELGUERA 3246,1725
7771,11,UNION DEVOTO SOC ALLENDE,-34.6128927031,-58.5104680923,MELINCUE 4656 / S/N,2770
7773,12,CLUB SOC Y DEP SIN RUMBO,-34.5725293122,-58.5037641039,J P TAMBORINI 6157,1388
7880,5,INSTITUTO CARDOZO,-34.6148468681,-58.4235646439,HIPOLITO YRIGOYEN 4034,1728
7943,10,COLEGIO Nº18 DR A LARROQUE,-34.6280453565,-58.4878759436,MORON 4149,3808
7955,11,G.E.V.P.,-34.6025396072,-58.4991261212,TINOGASTA 3455,2784
8010,12,INST NTRA SRA DEL CARMEN,-34.5732163193,-58.4885697287,CULLEN 5193,1038
8014,12,ESC Nº16 EJERCITO DE LOS ANDES,-34.5779033739,-58.4806647751,AV TRIUNVIRATO 4247,1740
8030,15,ESC Nº19 PCIA DE CHUBUT,-34.5923469775,-58.4446719457,HUMBOLDT 742,2760
8055,12,ESC N°19 T S DE BUSTAMANTE,-34.5847328669,-58.4912692047,GAVILAN 4246,2418
8064,4,ESC Nº5 GRAL M M DE GUEMES,-34.6412421248,-58.379962834,ARCAMENDIA 793,2094
8066,1,UNIVERSIDAD CATOLICA ARGENTINA,-34.614457858,-58.3660485023,AV. A. MOREAU DE JUSTO 1400 DIQUE 2,3853
8073,1,ESC N°3 DE RECUPERACION,-34.6253496945,-58.3765986166,PIEDRAS 1430,3467
8075,2,COLEGIO RIO DE LA PLATA (SEC),-34.5908743378,-58.4038762156,LAPRIDA 1635,1380
8084,5,ESC N°7 OLEGARIO V ANDRADE,-34.6291155038,-58.4098833985,24 DE NOVIEMBRE 1536,2784
8094,6,ESC TEC N°9 ING LUIS A HUERGO,-34.6091004586,-58.4466132815,MARTIN DE GAINZA 1050,8050
8096,6,ESC N°10 ARQ M J BUSCHIAZZO,-34.6140689815,-58.4480147188,FELIPE VALLESE 975,1400
8106,5,INSTITUTO CASA DE JESUS,-34.6017661957,-58.4284287162,YATAY 869/AV CORRIENTES 4471,3440
8113,9,ENET N°23 CASAL CALVIÑO,-34.6406308423,-58.4808619525,AV LACARRA 621,3806
8120,9,INST NTRA SRA DE LAS NIEVES,-34.6425279302,-58.5200020071,VENTURA BOSCH 6651/V BOSCH 6653,2094
8124,11,INSTITUTO JUAN B JUSTO,-34.6130162136,-58.4960365343,LASCANO 3840,2424
8125,11,ESCUELA N°11 ANDRES BELLO,-34.6222731162,-58.4867080057,DR LUIS BELAUSTEGUI 3751,1380
8142,13,COLEGIO INDUSTRIAL LEON XIII,-34.5779745275,-58.4394035339,AV DORREGO 2112,4164
8144,13,SOC ESP DE SOCORROS MUTUOS,-34.5658935233,-58.4549119221,CIUDAD DE LA PAZ 1750,1740
8145,14,ESC N°1 REPUBLICA DE CUBA,-34.5864346703,-58.4297037078,COSTA RICA 4942,5568
8157,3,POLIDEPORTIVO CANGALLO SCHULE,-34.6069520363,-58.3943132597,TTE GRAL J D PERON 1955,3410
8160,5,INSTITUTO TIERRA SANTA,-34.6090315077,-58.4146558383,SANCHEZ DE BUSTAMANTE 126,6495
8164,8,ESC N°22 STA M DE LOS BS AS,-34.66672698,-58.4857161496,ECHEANDIA 5650,2792
8166,13,COLEGIO LOMAS DE NUÑEZ,-34.5404574055,-58.4702894254,ARCOS 4531,1038
8171,13,INSTITUTO SAN CAYETANO,-34.5668908129,-58.4567362327,MOLDES 1764,1735
8374,11,COLEGIO SANTISIMA VIRGEN NIÑA,-34.6051350207,-58.4922369999,CUENCA 2651,3141
8406,15,ESC N°23 ALFREDO R BUFANO,-34.5986004435,-58.4570094546,MANUEL A RODRIGUEZ 2332,2429
8409,15,ESC N°15 PCIA DE MENDOZA,-34.6018180175,-58.465607668,JUAN AGUSTIN GARCIA 1511,2784
8417,15,ESC N°2 GRAL MARIANO ACHA,-34.5818310153,-58.4626246409,ROSETI 1450,4523
8420,15,INSTITUTO PARROQUIAL SAN ROQUE,-34.5805720319,-58.4681157326,CHARLONE 1866,1396
8426,15,ESC DE RECUPERACION N°14,-34.5821818228,-58.4724960665,TRIUNVIRATO 3626,2792
8435,15,ESC N°22 AGRONOMIA,-34.5911518097,-58.4783062026,AV DE LOS CONSTITUYENTES 3100,3795
8438,15,ESC N°3 GRECIA,-34.5901209004,-58.4951820908,CONDARCO 3984,3105
8441,15,ESC N°11 CONGRESO DE TUCUMAN,-34.5926158742,-58.4961101238,PEDRO MORAN 2899,1720
8444,15,CLUB EL TALAR,-34.591843167,-58.4981659973,NUEVA YORK 2944,2702
8447,8,INST PQUIAL C H MARIO F ALSINA,-34.6765542673,-58.4778471012,MARTINIANO LEGUIZAMON 4030,3490
8451,8,ESC N°8 JUDITH Y D DEMARCHI,-34.6765227507,-58.4806019683,JOSE I RUCCI 3961,3141
8466,6,UNIVERSIDAD DE MORON,-34.6148755483,-58.4344596317,DR. G. ARAOZ ALFARO 251,1396
8471,6,INSTITUTO SANTA MARIA,-34.6230922459,-58.4289797382,SENILLOSA 568,3839
8474,6,COLEGIO INTEGRAL CABALLITO,-34.6143366251,-58.4421130009,DR J F ARANGUREN 723,1400
8477,6,ESC SUP ENFERMERIA C GRIERSON,-34.6101735776,-58.4383776291,J B AMBROSETTI 601,2800
8480,6,ESC NAC N°29 M MERCANTE ARG,-34.6190831926,-58.4384261088,AV RIVADAVIA 5161,8706
8486,6,ESC N°8 ANTONIO SCHETTINO,-34.6239102732,-58.4344628386,AV JOSE MARIA MORENO 480,3820
8489,6,ESC COM N°3 HIPOLITO VIEYTES,-34.6096882958,-58.4502593681,AV GAONA 1502,4816
8492,6,ESC N°4 PTE DR ARTURO ILLIA,-34.6244585854,-58.451261853,AV RIVADAVIA 6065,5902
8498,12,ESC N°23 B ROLDAN,-34.5778869063,-58.5006765273,FRANCO 2390,3430
8505,12,ESCUELA DE ENSEÑANZA MEDIA N°2,-34.5852686825,-58.4943222218,ZAMUDIO 4386,4152
8508,12,ESC N°14 LEOPOLDO LUGONES,-34.5820170887,-58.4895664562,JURAMENTO 5775,2074
8517,12,CIRCULO GRAL URQUIZA,-34.5751016252,-58.4900536534,F D ROOSEVELT 5345,1384
8520,12,ESC N° 15 MANUEL A ACEVEDO,-34.5645291861,-58.4787316752,TRONADOR 2861,4176
8535,12,ESC N° 18 J B TERAN,-34.5522059847,-58.4952358461,ARIAS 4763,2408
8544,9,ESC Nº13 RCA DE FILIPINAS,-34.658435359,-58.5099238782,COSQUIN 1943,1725
8561,9,INSTITUTO PLACIDO MARIN,-34.6538079141,-58.4995996165,LARRAZABAL  1551/155,3096
8570,10,ESCUELA N°1 MARTIN FIERRO,-34.6234555458,-58.5138082814,MARTIN FIERRO 5351,2064
8573,10,ENET N°35 EDUARDO LATZINA,-34.6206086009,-58.5165313874,AV LOPE DE VEGA 2150,3817
8579,10,COLEGIO NUEVOS AIRES,-34.6134106072,-58.4983272321,BAHIA BLANCA 2246,1050
8582,10,ESC N°10 ADA MARIA ELFLEIN,-34.6310747815,-58.4989710343,DR LUIS BELAUSTEGUI 4949,2040
8591,10,ESCUELA N°15 MANUEL PEÑA,-34.6255848126,-58.4929677947,SEGUROLA 1104,1396
8611,11,ESC N°8 QUINTINO BOCAYUVA,-34.6154593216,-58.4808766198,GRAL CESAR DIAZ 3050,2752
8614,11,ESCUELA N°6 ALFREDO PALACIOS,-34.6078964016,-58.4735808532,CARACAS 2057,2394
8617,11,ESCUELA N°17 R RIVAROLA,-34.5983029688,-58.4956125294,HELGUERA 3341,4045
8629,11,ESCUELA N°16 ESPAÑA,-34.5995416771,-58.5025156542,CONCORDIA 3555,1044
8632,11,ESCUELA N°9 BENITO JUAREZ,-34.6144469152,-58.5098597962,BENITO JUAREZ 2702,2429
8638,11,INSTITUTO CARDENAL COPELLO,-34.5957118614,-58.5046131681,NUEVA YORK 3433,3453
8645,5,COLEGIO MARIA AUXILIADORA,-34.6140198565,-58.4217619995,YAPEYU 132,4498
8647,5,ESC N°18 ANTONIO BERMEJO,-34.6157432246,-58.4195724782,AV BELGRANO 3767,4494
8656,14,INSTITUTO ESQUIU,-34.5669203427,-58.4442379388,11 DE SEPTIEMBRE 1240,2076
8659,14,COLEGIO LINCOLN,-34.5690566223,-58.4427448995,OLLEROS 2283,3460
8670,14,COLEGIO CORAZON DE JESUS,-34.5737248861,-58.4367943891,C ARENAL 2357/ AV CABILDO 123,4176
8672,5,COLEGIO BETANIA,-34.601032947,-58.4222361108,F ACUÑA DE FIGUEROA 855/MEDRANO 760,2046
8676,14,ESC PRIM Nº12 GRAL LAS HERAS,-34.5842797768,-58.411150004,J ALVAREZ 2849/ J SALGUERO 2360,2408
8685,14,CENTRO ED SAN FCO JAVIER (SEC),-34.5870640121,-58.4275431801,JORGE LUIS BORGES 1851,1740
8688,5,COLEGIO NAC N°3 M MORENO,-34.6108165566,-58.4166614973,AV RIVADAVIA 3577,6592
8691,1,ESC TEC N° 19 ALEJANDRO VOLTA,-34.602525634,-58.3911920103,RODRIGUEZ PEÑA 551,2744
8700,1,ESC N°11 DR RICARDO GUTIERREZ,-34.6226832578,-58.3872258543,PTE. L SAENZ PEÑA 1215/SAN JUAN S/N,3086
8716,1,COLEGIO NACIONAL BUENOS AIRES,-34.6109898942,-58.3734428753,BOLIVAR 263 / MORENO 519,3750
8735,3,UNIV DEL SALVADOR FILOSOFIA,-34.6032255011,-58.393492359,LAVALLE 1878,3430
8740,3,COLEGIO SAN JOSE,-34.608562073,-58.4014601881,BARTOLOME MITRE 2455,3784
8743,3,ESC Nº14 CORNELIO SAAVEDRA,-34.6060774963,-58.3986638262,SARMIENTO 2250,4850
8746,3,ESC Nº34 MONSEÑOR DE ANDREA,-34.6129637886,-58.3965513683,MORENO 2135,2408
8750,3,ESC Nº1 ESTEBAN DE LUCA,-34.6121240839,-58.4012894208,ADOLFO ALSINA 2499,1360
8753,4,ESC DE RECUPERACION Nº5,-34.6440462715,-58.4090043725,JOSE A CORTEJARENA 3350,2052
8764,11,ESCUELA N°16 RICARDO ROJAS,-34.5909447973,-58.5075910906,GABRIELA MISTRAL 3376,2052
8767,13,INSTITUTO GENERAL SAN MARTIN,-34.5531962205,-58.4639964297,IBERA 2351,1032
8771,13,INSTITUTO SAN ROMAN,-34.5559070116,-58.4463148294,JURAMENTO 1368,4459
8774,13,ESC Nº 23 JOSE C PAZ,-34.5576953644,-58.444607422,MCAL A J DE SUCRE 1367,2401
8777,13,INST NTRA SRA DEL ROSARIO,-34.5649499967,-58.4556081201,CIUDAD DE LA PAZ 1839,3114
8779,13,INST NS DE LA MISERICORDIA G,-34.5666246907,-58.4493576622,VIRREY LORETO 2292,5190
8782,13,INST PATROCINIO DE SAN JOSE G,-34.5682862975,-58.4602181054,LA PAMPA 3023,2076
8785,13,NUEVA ESCUELA ARGENTINA 2000,-34.5666740296,-58.458269551,VIDAL 1838,2415
8788,4,ESC N°8 CARLOS N VERGARA,-34.6396665372,-58.3886687009,AV AMANCIO ALCORTA 1934,2094
8803,13,INSTITUTO BELGRANO UNO,-34.5510511567,-58.4560407269,ARRIBEÑOS 2871,2046
8810,2,INST. VOCACIONAL ARGENTINO,-34.5929646204,-58.4088747583,CHARCAS 3034,4498
8818,2,INST. M BIANCHI DE COPELLO,-34.5880196803,-58.3992810058,PACHECO DE MELO 2455,1735
8824,13,ST CATHERINE S SCHOOL,-34.5715790284,-58.4605967263,CARBAJAL 3250,2052
8826,13,COLEGIO SWORN JUNIOR,-34.571118212,-58.4620044374,VIRREY DEL PINO 3299,1026
8841,2,ESC. N°6 MANUEL BELGRANO,-34.5966039341,-58.4049023793,ECUADOR 1158,4200
8844,2,INST EDMUNDO DE AMICIS,-34.5952548404,-58.4054209816,DR. N QUIRNO COSTA 1260,5594
8861,7,ESC Nº1 CHACABUCO,-34.633107099,-58.4448955801,AV EVA PERON 1502,4152
8864,7,ESC Nº 23 CANADA,-34.6391277571,-58.4358510766,CACHIMAYO 1735,3450
8867,7,ESC MEDIA Nº1 JULIO CORTAZAR,-34.626782065,-58.4691989907,BOGOTA 2759,1402
8870,7,ESC Nº 12 PROVINCIA DEL CHACO,-34.6248347679,-58.4669483164,AV AVELLANEDA 2547,4897
8872,7,ESC Nº9 JOSE INGENIEROS,-34.6294266571,-58.4599124737,CNEL R L FALCON 2248,2792
8879,7,ESC N 24 DR PEDRO A TORRES,-34.63533708,-58.4537825644,LAUTARO 752/ LAUTARO S/N,4537
8883,7,INST N SRA DE LA MISERICORDIA,-34.633151437,-58.4560862903,CAMACUA 493,3497
8886,5,ESC N°22 M ZUVIRIA,-34.628985641,-58.4229186417,CONSTITUCION 4154,2436
8889,5,ESC N°15 CNEL R L FALCON,-34.6213277286,-58.4097527948,ESTADOS UNIDOS 3141/J E URIBURU 876,2094
8919,9,ESC N°20 ANTONIO ALICE,-34.6451569159,-58.4693198331,B FERNANDEZ MORENO 3652,2792
8922,9,ENET N°8 P A DE SARMIENTO,-34.6404908636,-58.4835477345,PIO COLLIVADINO 436,4446
8925,9,ESC N°21 PEDRO INCHAUSPE,-34.6438341589,-58.4867858653,RODO 4431,1364
8960,15,ESC N°6 DELFIN JIJENA,-34.6029680445,-58.4463787986,OLAYA 1565,3123
8964,15,ESC N°1 RUBEN DARIO,-34.5926798337,-58.4528335212,OTERO 271,3078
8970,11,INSTITUTO CARLOS STEEB,-34.6141795266,-58.4838877547,CAMARONES 3166,3450
8985,13,ST MATTHEW S COLLEGE,-34.5685855837,-58.4546503081,MOLDES 1487,1038
9009,1,ESC. N°27 DEAN FUNES,-34.6246321026,-58.3711980886,DEFENSA 1431,1020
9012,1,COL. NAC. N°7 J M PUEYRREDON,-34.6187839764,-58.3758383558,CHACABUCO 922,2088
9015,1,UCES UNIV DE CS SOCIALES Y EMP,-34.5982344005,-58.3858947899,PARAGUAY 1318,1372
9023,1,INST SUPERIOR DE LENGUAS VIVAS,-34.5903171181,-58.3813041685,CARLOS PELLEGRINI 1515,3420
9026,1,UMSA UNIV DE MUSEO SOCIAL ARG,-34.6042849449,-58.3913162372,AV CORRIENTES 1723,2776
9029,1,ESC N°5 RODRIGUEZ PEÑA,-34.6003697242,-58.3914221512,RODRIGUEZ PEÑA 747,3439
9032,1,INSTITUTO SANTA ROSA,-34.6078314981,-58.3899298757,BARTOLOME MITRE 1655 / BME MITRE S/N,3087
9035,1,FUND DE ALTOS EST EN CS COM,-34.6081216214,-58.3862624893,URUGUAY 57,1376
9037,1,ESC N°14 MARIANO NECOCHEA,-34.6141981388,-58.3875521526,PTE LUIS SAENZ PEÑA 463,3096
9040,1,ESC N°13 PCIA S DEL ESTERO,-34.6166323015,-58.3855141389,CHILE 1371,2058
9043,1,INSTITUTO LOS ROBLES,-34.6140113784,-58.3875547271,LUIS SAENZ PEÑA 443,2793
9046,1,INST NTRA SRA DE MONSERRAT,-34.613463684,-58.3853150502,AV BELGRANO 1344,1396
9049,1,UBA FAC DE CS SOCIALES,-34.6202420598,-58.3844032556,SANTIAGO DEL ESTERO 1029,3141
9052,1,ESC N°21 HIPOLITO VIEYTES,-34.6190016213,-58.3743020035,PERU 946,2024
9055,1,INST SIMON BOLIVAR,-34.6214276724,-58.3728641403,BOLIVAR 1163,1384
9058,1,ESC N°7 GRAL GUEMES,-34.6197965123,-58.3821912302,CARLOS CALVO 1140,3123
9061,1,INSTITUTO J M ESTRADA,-34.6254683,-58.3912090191,AV ENTRE RIOS 1428,1726
9064,1,INST ROSA ANCHORENA DE IBAÑEZ,-34.622785888,-58.3909598839,AV SAN JUAN 1774,1380
9067,1,INST HOGAR DEL PINO,-34.6250718866,-58.3892617094,CONSTITUCION 1650,1725
9072,6,ESC NORM SUP E S ZEBALLOS,-34.6179285953,-58.4354314781,AV RIVADAVIA 4950,4899
9075,12,ESC N° 24 EJERCITO ARGENTINO,-34.5826015064,-58.5055935284,AV NAZCA 5168,2410
9078,12,ESCUELA N°22 REP DE NICARAGUA,-34.5782665018,-58.5032638756,BAZURCO 2551,3795
9084,12,ESCUELA N°24 FRANCISCO MORAZAN,-34.5667450881,-58.4785566614,DR PEDRO IGNACIO RIVERA 4151,1392
9087,12,ESC N°12 ESPAÑA,-34.5616586295,-58.4903663969,VALDENEGRO 3525/ VALDENEGRO S/N,1660
9090,12,ESC DULCISIMO NOMBRE DE JESUS,-34.5605606418,-58.4904971203,CRISOLOGO LARRALDE 4841,1363
9096,12,ESCUELA RICARDO MONNER SANS,-34.5454411331,-58.474285581,RUIZ HUIDOBRO 2643,2776
9099,2,ESC. N°24 CORNELLA PIZARRO,-34.5880769662,-58.4016743603,PEÑA 2670,4140
9102,2,INSTITUTO SAN TARSICIO,-34.5901108133,-58.4035024319,JUNCAL 2623,2070
9105,2,ALIANZA FRANCESA C FORTABAT,-34.5885342569,-58.4086737256,BILLINGHURST 1926,1035
9108,2,INSTITUTO SAN AGUSTIN,-34.5863061107,-58.3999679916,AGUERO 2320/ AGUERO S/N,6264
9111,2,COLEGIO SAN PABLO,-34.5887704654,-58.397533301,PACHECO DE MELO 2300,4511
9114,2,INSTITUTO SAN MIGUEL,-34.5925212847,-58.4002414845,LARREA 1254,2416
9116,2,INSTITUTO ETCHEVERRY BONEO,-34.5927267798,-58.3978307632,JUNCAL 2131,1035
9119,2,ESC. N°1 DE RECUPERACION,-34.59803551,-58.3959470367,AYACUCHO 953,4116
9122,2,ESC. N°1 ROQUE SAENZ PEÑA,-34.5996113462,-58.3951512917,AV CORDOBA 1951,6860
9125,2,ESCUELA ARGENTINA MODELO,-34.5964386138,-58.3946891347,RIOBAMBA 1059,2415
9129,2,ESC SUP DE COM C PELLEGRINI,-34.5972070806,-58.3938937222,M T DE ALVEAR 1851/M T DE ALVEAR S/N,3465
9132,2,ESC N°23 BERNARDINO RIVADAVIA,-34.5983627176,-58.4023386133,LARREA 854,2768
9135,2,LICEO NAC N°1 J F ALCORTA,-34.5927770702,-58.4059730107,AV SANTA FE 2778,4900
9138,2,ESC N°2 JUAN LARREA,-34.5945106783,-58.4076181667,LAPRIDA 1235,6264
9141,2,INST EDUC NUEVO GUIDO SPANO,-34.5943408148,-58.4131694082,BILLINGHURST 1355,1735
9150,5,INSTITUTO WILLIAM MORRIS,-34.5996238678,-58.4186429684,LAVALLE 3761,1725
9157,5,ESCUELA ROSARIO VERA PEÑALOZA,-34.598468826,-58.4264633553,PRINGLES 1165,3410
9165,11,ESCUELA N°14 ENRIQUE PARKER,-34.6188611959,-58.4718019066,CONDARCO 1129,2064
9168,11,ESCUELA N°4 PCIA DE LA PAMPA,-34.6161342371,-58.4671737754,CARACAS 1249,4114
9171,11,ESC DE COM N°17 S M DE BS AS,-34.6048797,-58.4597994771,FRAGATA PRESIDENTE SARMIENTO 1817,4188
9174,11,ESCUELA N°8 ALTE BCO ENCALADA,-34.6011662457,-58.5033070805,EMILIO LAMARCA 3379,2070
9176,11,INST S J DE VILLA DEL PARQUE,-34.6009440439,-58.4946512348,PEDRO LOZANO 3151,2415
9182,15,ESC N°1 FEDERICO GARCIA LORCA,-34.5947415593,-58.4768800867,AV CHORROARIN 305,3828
9191,15,PROGRAMA EDUC ADULTOS 2000,-34.5786713857,-58.4760007352,BALLIVIAN 2329,1396
9194,15,ESC N°3 ING ALVAREZ CONDARCO,-34.5850668359,-58.4714147201,GIRARDOT 1946 / GIRARDOT S/N,2415
9197,15,ESC N°5 ENRIQUE DE VEDIA,-34.5829183838,-58.4733224217,COMBATIENTES DE MALVINAS 3234,2415
9200,11,COLEGIO PRESENCIA VILLA DEVOTO,-34.6063211193,-58.5093655552,GUALEGUAYCHU 3152,3132
9203,11,ESC EDUC ESP N°2 D F SARMIENTO,-34.6002641504,-58.4933400444,PEDRO LOZANO 3056,1392
9206,11,CLUB SOCIAL Y DEP PEDRO LOZANO,-34.6085069542,-58.5073972288,GUALEGUAYCHU 2902,2778
9212,11,INST N SRA DE LA MISERICORDIA,-34.5992816084,-58.5085561372,ASUNCION 3780,3114
9215,11,ESC N°1 DR DELFIN GALLO,-34.594979012,-58.5114224216,FERNANDEZ DE ENCISO 4451,2058
9221,12,COLEGIO CRISTO REY,-34.5690885624,-58.4914476161,QUESADA 5228,1740
9224,6,ESC PRIM N°25 REP DE GUATEMALA,-34.6176450752,-58.4545103006,MENDEZ DE ANDES 1451,1720
9230,9,ESC Nº 20 SGTO J B CABRAL,-34.6488937925,-58.4876065122,HOMERO 1157,2046
9233,9,INST SAN PIO X,-34.6450147041,-58.4983708178,BASUALDO 780 / M. ARTIGAS 5261,5225
9238,9,ESC Nº3 EDUARDO L HOLMBERG,-34.6537644356,-58.4994889186,LARRAZABAL 1556 / LARRAYA 1555,3117
9241,9,INST SAN JOSE (SECUNDARIO),-34.6494437963,-58.5110808694,MURGUIONDO 1065/ERCILLA 6598,3087
9246,9,ESC Nº15 RCA ISLAMICA PAKISTAN,-34.6450403072,-58.5204011946,LISANDRO DE LA TORRE 550,2099
9249,9,ESC Nº2 DR F MELITON ALVAREZ,-34.6506838277,-58.5257217868,MONTIEL 1041,2415
9255,14,ESC Nº10 MANUEL LAINEZ,-34.569087297,-58.4439413545,AV FEDERICO LACROZE 2322,2770
9258,14,UB FACULTAD DE INGENIERIA,-34.565504511,-58.4426958862,VILLANUEVA 1324,1745
9264,10,INSTITUTO SANTISIMO SACRAMENTO,-34.6345803366,-58.4953338425,BACACAY 4896/4890,1388
9267,10,INSTITUTO ANGELA COPELLO,-34.629748749,-58.4953719998,JUAN B JUSTO 7525,2443
9270,10,INST JUAN B BERTHIER,-34.6342122355,-58.4931747944,BACACAY 4723/4747,3850
9274,10,ESC 23 REP DE PORTUGAL,-34.6294230435,-58.486549198,GUALEGUAYCHU 550,4524
9279,10,ESC 3 E GIMENEZ ZAPIOLA,-34.6310793554,-58.4799028804,JOAQUIN V GONZALEZ 180,3396
9285,3,UBA FAC DE CS ECONOMICAS,-34.6000116638,-58.398707018,J E URIBURU 781,2070
9306,5,ESC N°6 SAN JOSE DE CALASANZ,-34.6274077975,-58.4265537318,AV LA PLATA 1038 / LA PLATA S/N,4869
9311,3,ESC N°14 J M DE PUEYRREDON,-34.6028435329,-58.405139872,AV PUEYRREDON 630,3112
9320,4,ENET N°4 REPUBLICA DEL LIBANO,-34.6302021629,-58.377136139,AV MONTES DE OCA 121,2792
9323,4,ESC N°1 REPUBLICA DE BOLIVIA,-34.6339204391,-58.3772474515,GRAL HORNOS 530,2443
9326,4,ENET N°14 LIBERTAD,-34.647855155,-58.3810312724,SANTA MAGDALENA 431,4506
9329,4,ESC TEC N°10 FRAY LUIS BELTRAN,-34.643304615,-58.3792629727,VIEYTES 942,2728
9332,4,ESC N°28 FRANCISCO P MORENO,-34.644073217,-58.3777239969,JOSE SALMUN FEIJOO 1073,1705
9335,4,ESC N°3 BERNARDO DE IRIGOYEN,-34.6336556235,-58.3757631937,AV MONTES DE OCA 439,2068
9338,4,ESC N°13 REPUBLICA DE CHILE,-34.6381091268,-58.3685842218,SUAREZ 1145,3105
9341,4,ESC N°1 ALTE G BROWN,-34.6332064566,-58.361333994,ARISTOBULO DEL VALLE 471,3828
9344,4,NTRA SRA DIVINA PROVIDENCIA,-34.6511161809,-58.4112475443,CACHI 724,2076
9347,4,ESC N°13 P ALBERTI,-34.6532876569,-58.4318042667,ITAQUI 2050,3123
9350,4,INSTITUTO NUEVA POMPEYA,-34.6523562764,-58.4178725165,FOURNIER 3157/FOURNIER S/N,4511
9353,5,ESC N°25 P A DE SARMIENTO,-34.6298062022,-58.4225392066,TARIJA 4136,3500
9356,5,INST MATER TER ADMIRABILIS,-34.6208678641,-58.4108441676,24 DE NOVIEMBRE 827/24 NOVIEMBRE S/N,2792
9359,5,COLEGIO PIO IX,-34.6139382459,-58.4218840775,YAPEYU 197/YAPEYU S/N,5868
9366,5,ESC N°13 GRAL M ZAPIOLA,-34.6130609734,-58.4100620904,GRAL URQUIZA 227,1730
9369,5,INSTITUTO BENITO NAZAR,-34.5978776478,-58.4249598039,PALESTINA 1098/E DE ISRAEL 4230,3450
9372,3,COLEGIO DEL SALVADOR,-34.6025031139,-58.3926102291,AV CALLAO 542,2058
9377,1,COLEGIO JESUS MARIA,-34.5936605738,-58.3860313273,TALCAHUANO 1260,2058
9383,14,INSTITUTO BAYARD,-34.5781396302,-58.4055764249,CASTEX 3348,2429
9385,14,COLEGIO SANTA TERESA DE JESUS,-34.582114966,-58.4109973813,AV GRAL LAS HERAS 3670,1735
9386,14,INST CORAZON DE MARIA,-34.5904362287,-58.41254235,GUISE 1965/1979,4858
9387,14,ESC Nº20 CARLOS M BIEDMA,-34.5813229244,-58.4240808412,GUEMES 4610/ GUEMES S/N,4857
9404,9,ESC DANZA N°1 NELLY RAMICONI,-34.645766837,-58.5073629967,FONROUGE 711,5865
9415,9,INSTITUTO SAN FELIPE NERI,-34.6621265337,-58.5069341816,ANDALGALA 2264/SN,2755
